post_id,slide_number,filename,dimensions_pass,text_pass,branding_pass,compliance_pass,visual_pass,overall_status,rejection_reason,regeneration_count
ALP-001,1,ALP-001_slide-01.png,True,True,True,True,True,APPROVED,,0
ALP-001,2,ALP-001_slide-02.png,True,True,True,True,True,APPROVED,,0
ALP-001,3,ALP-001_slide-03.png,True,True,True,True,True,APPROVED,,0
ALP-001,4,ALP-001_slide-04.png,True,True,True,True,True,APPROVED,,0
ALP-001,5,ALP-001_slide-05.png,True,True,True,True,True,APPROVED,,0
ALP-002,1,ALP-002_slide-01.png,True,True,True,True,True,APPROVED,,0
ALP-002,2,ALP-002_slide-02.png,True,True,True,True,True,APPROVED,,0
ALP-002,3,ALP-002_slide-03.png,True,True,True,True,True,APPROVED,,0
ALP-002,4,ALP-002_slide-04.png,True,True,True,True,True,APPROVED,,0
ALP-002,5,ALP-002_slide-05.png,True,True,True,True,True,APPROVED,,0
ALP-003,1,ALP-003_slide-01.png,True,True,True,True,True,APPROVED,,0
ALP-003,2,ALP-003_slide-02.png,True,True,True,True,True,APPROVED,,0
ALP-003,3,ALP-003_slide-03.png,True,True,True,True,True,APPROVED,,0
ALP-003,4,ALP-003_slide-04.png,True,True,True,True,True,APPROVED,,0
ALP-003,5,ALP-003_slide-05.png,True,True,True,True,True,APPROVED,,0
ALP-004,1,ALP-004_slide-01.png,True,True,True,True,True,APPROVED,,0
ALP-004,2,ALP-004_slide-02.png,True,True,True,True,True,APPROVED,,0
ALP-004,3,ALP-004_slide-03.png,True,True,True,True,True,APPROVED,,0
ALP-004,4,ALP-004_slide-04.png,True,True,True,True,True,APPROVED,,0
ALP-004,5,ALP-004_slide-05.png,True,True,True,True,True,APPROVED,,0
ALP-005,1,ALP-005_slide-01.png,True,True,True,True,True,APPROVED,,0
ALP-005,2,ALP-005_slide-02.png,True,True,True,True,True,APPROVED,,0
ALP-005,3,ALP-005_slide-03.png,True,True,True,True,True,APPROVED,,0
ALP-005,4,ALP-005_slide-04.png,True,True,True,True,True,APPROVED,,0
ALP-005,5,ALP-005_slide-05.png,True,True,True,True,True,APPROVED,,0
ALP-006,1,ALP-006_slide-01.png,True,True,True,True,True,APPROVED,,0
ALP-006,2,ALP-006_slide-02.png,True,True,True,True,True,APPROVED,,0
ALP-006,3,ALP-006_slide-03.png,True,True,True,True,True,APPROVED,,0
ALP-006,4,ALP-006_slide-04.png,True,True,True,True,True,APPROVED,,0
ALP-006,5,ALP-006_slide-05.png,True,True,True,True,True,APPROVED,,0
ALP-007,1,ALP-007_slide-01.png,True,True,True,True,True,APPROVED,,0
ALP-007,2,ALP-007_slide-02.png,True,True,True,True,True,APPROVED,,0
ALP-007,3,ALP-007_slide-03.png,True,True,True,True,True,APPROVED,,0
ALP-007,4,ALP-007_slide-04.png,True,True,True,True,True,APPROVED,,0
ALP-007,5,ALP-007_slide-05.png,True,True,True,True,True,APPROVED,,0
ALP-008,1,ALP-008_slide-01.png,True,True,True,True,True,APPROVED,,0
ALP-008,2,ALP-008_slide-02.png,True,True,True,True,True,APPROVED,,0
ALP-008,3,ALP-008_slide-03.png,True,True,True,True,True,APPROVED,,0
ALP-008,4,ALP-008_slide-04.png,True,True,True,True,True,APPROVED,,0
ALP-008,5,ALP-008_slide-05.png,True,True,True,True,True,APPROVED,,0
ALP-009,1,ALP-009_slide-01.png,True,True,True,True,True,APPROVED,,0
ALP-009,2,ALP-009_slide-02.png,True,True,True,True,True,APPROVED,,0
ALP-009,3,ALP-009_slide-03.png,True,True,True,True,True,APPROVED,,0
ALP-009,4,ALP-009_slide-04.png,True,True,True,True,True,APPROVED,,0
ALP-009,5,ALP-009_slide-05.png,True,True,True,True,True,APPROVED,,0
ALP-010,1,ALP-010_slide-01.png,True,True,True,True,True,APPROVED,,0
ALP-010,2,ALP-010_slide-02.png,True,True,True,True,True,APPROVED,,0
ALP-010,3,ALP-010_slide-03.png,True,True,True,True,True,APPROVED,,0
ALP-010,4,ALP-010_slide-04.png,True,True,True,True,True,APPROVED,,0
ALP-010,5,ALP-010_slide-05.png,True,True,True,True,True,APPROVED,,0
ALP-011,1,ALP-011_slide-01.png,True,True,True,True,True,APPROVED,,0
ALP-011,2,ALP-011_slide-02.png,True,True,True,True,True,APPROVED,,0
ALP-011,3,ALP-011_slide-03.png,True,True,True,True,True,APPROVED,,0
ALP-011,4,ALP-011_slide-04.png,True,True,True,True,True,APPROVED,,0
ALP-011,5,ALP-011_slide-05.png,True,True,True,True,True,APPROVED,,0
ALP-012,1,ALP-012_slide-01.png,True,True,True,True,True,APPROVED,,0
ALP-012,2,ALP-012_slide-02.png,True,True,True,True,True,APPROVED,,0
ALP-012,3,ALP-012_slide-03.png,True,True,True,True,True,APPROVED,,0
ALP-012,4,ALP-012_slide-04.png,True,True,True,True,True,APPROVED,,0
ALP-012,5,ALP-012_slide-05.png,True,True,True,True,True,APPROVED,,0
ALP-013,1,ALP-013_slide-01.png,True,True,True,True,True,APPROVED,,0
ALP-013,2,ALP-013_slide-02.png,True,True,True,True,True,APPROVED,,0
ALP-013,3,ALP-013_slide-03.png,True,True,True,True,True,APPROVED,,0
ALP-013,4,ALP-013_slide-04.png,True,True,True,True,True,APPROVED,,0
ALP-013,5,ALP-013_slide-05.png,True,True,True,True,True,APPROVED,,0
ALP-014,1,ALP-014_slide-01.png,True,True,True,True,True,APPROVED,,0
ALP-014,2,ALP-014_slide-02.png,True,True,True,True,True,APPROVED,,0
ALP-014,3,ALP-014_slide-03.png,True,True,True,True,True,APPROVED,,0
ALP-014,4,ALP-014_slide-04.png,True,True,True,True,True,APPROVED,,0
ALP-014,5,ALP-014_slide-05.png,True,True,True,True,True,APPROVED,,0
ALP-015,1,ALP-015_slide-01.png,True,True,True,True,True,APPROVED,,0
ALP-015,2,ALP-015_slide-02.png,True,True,True,True,True,APPROVED,,0
ALP-015,3,ALP-015_slide-03.png,True,True,True,True,True,APPROVED,,0
ALP-015,4,ALP-015_slide-04.png,True,True,True,True,True,APPROVED,,0
ALP-015,5,ALP-015_slide-05.png,True,True,True,True,True,APPROVED,,0
ALP-016,1,ALP-016_slide-01.png,True,True,True,True,True,APPROVED,,0
ALP-016,2,ALP-016_slide-02.png,True,True,True,True,True,APPROVED,,0
ALP-016,3,ALP-016_slide-03.png,True,True,True,True,True,APPROVED,,0
ALP-016,4,ALP-016_slide-04.png,True,True,True,True,True,APPROVED,,0
ALP-016,5,ALP-016_slide-05.png,True,True,True,True,True,APPROVED,,0
ALP-017,1,ALP-017_slide-01.png,True,True,True,True,True,APPROVED,,0
ALP-017,2,ALP-017_slide-02.png,True,True,True,True,True,APPROVED,,0
ALP-017,3,ALP-017_slide-03.png,True,True,True,True,True,APPROVED,,0
ALP-017,4,ALP-017_slide-04.png,True,True,True,True,True,APPROVED,,0
ALP-017,5,ALP-017_slide-05.png,True,True,True,True,True,APPROVED,,0
ALP-018,1,ALP-018_slide-01.png,True,True,True,True,True,APPROVED,,0
ALP-018,2,ALP-018_slide-02.png,True,True,True,True,True,APPROVED,,0
ALP-018,3,ALP-018_slide-03.png,True,True,True,True,True,APPROVED,,0
ALP-018,4,ALP-018_slide-04.png,True,True,True,True,True,APPROVED,,0
ALP-018,5,ALP-018_slide-05.png,True,True,True,True,True,APPROVED,,0
ALP-019,1,ALP-019_slide-01.png,True,True,True,True,True,APPROVED,,0
ALP-019,2,ALP-019_slide-02.png,True,True,True,True,True,APPROVED,,0
ALP-019,3,ALP-019_slide-03.png,True,True,True,True,True,APPROVED,,0
ALP-019,4,ALP-019_slide-04.png,True,True,True,True,True,APPROVED,,0
ALP-019,5,ALP-019_slide-05.png,True,True,True,True,True,APPROVED,,0
ALP-020,1,ALP-020_slide-01.png,True,True,True,True,True,APPROVED,,0
ALP-020,2,ALP-020_slide-02.png,True,True,True,True,True,APPROVED,,0
ALP-020,3,ALP-020_slide-03.png,True,True,True,True,True,APPROVED,,0
ALP-020,4,ALP-020_slide-04.png,True,True,True,True,True,APPROVED,,0
ALP-020,5,ALP-020_slide-05.png,True,True,True,True,True,APPROVED,,0
ALP-021,1,ALP-021_slide-01.png,True,True,True,True,True,APPROVED,,0
ALP-021,2,ALP-021_slide-02.png,True,True,True,True,True,APPROVED,,0
ALP-021,3,ALP-021_slide-03.png,True,True,True,True,True,APPROVED,,0
ALP-021,4,ALP-021_slide-04.png,True,True,True,True,True,APPROVED,,0
ALP-021,5,ALP-021_slide-05.png,True,True,True,True,True,APPROVED,,0
ALP-022,1,ALP-022_slide-01.png,True,True,True,True,True,APPROVED,,0
ALP-022,2,ALP-022_slide-02.png,True,True,True,True,True,APPROVED,,0
ALP-022,3,ALP-022_slide-03.png,True,True,True,True,True,APPROVED,,0
ALP-022,4,ALP-022_slide-04.png,True,True,True,True,True,APPROVED,,0
ALP-022,5,ALP-022_slide-05.png,True,True,True,True,True,APPROVED,,0
ALP-023,1,ALP-023_slide-01.png,True,True,True,True,True,APPROVED,,0
ALP-023,2,ALP-023_slide-02.png,True,True,True,True,True,APPROVED,,0
ALP-023,3,ALP-023_slide-03.png,True,True,True,True,True,APPROVED,,0
ALP-023,4,ALP-023_slide-04.png,True,True,True,True,True,APPROVED,,0
ALP-023,5,ALP-023_slide-05.png,True,True,True,True,True,APPROVED,,0
ALP-024,1,ALP-024_slide-01.png,True,True,True,True,True,APPROVED,,0
ALP-024,2,ALP-024_slide-02.png,True,True,True,True,True,APPROVED,,0
ALP-024,3,ALP-024_slide-03.png,True,True,True,True,True,APPROVED,,0
ALP-024,4,ALP-024_slide-04.png,True,True,True,True,True,APPROVED,,0
ALP-024,5,ALP-024_slide-05.png,True,True,True,True,True,APPROVED,,0
ALP-025,1,ALP-025_slide-01.png,True,True,True,True,True,APPROVED,,0
ALP-025,2,ALP-025_slide-02.png,True,True,True,True,True,APPROVED,,0
ALP-025,3,ALP-025_slide-03.png,True,True,True,True,True,APPROVED,,0
ALP-025,4,ALP-025_slide-04.png,True,True,True,True,True,APPROVED,,0
ALP-025,5,ALP-025_slide-05.png,True,True,True,True,True,APPROVED,,0
ALP-026,1,ALP-026_slide-01.png,True,True,True,True,True,APPROVED,,0
ALP-026,2,ALP-026_slide-02.png,True,True,True,True,True,APPROVED,,0
ALP-026,3,ALP-026_slide-03.png,True,True,True,True,True,APPROVED,,0
ALP-026,4,ALP-026_slide-04.png,True,True,True,True,True,APPROVED,,0
ALP-026,5,ALP-026_slide-05.png,True,True,True,True,True,APPROVED,,0
ALP-027,1,ALP-027_slide-01.png,True,True,True,True,True,APPROVED,,0
ALP-027,2,ALP-027_slide-02.png,True,True,True,True,True,APPROVED,,0
ALP-027,3,ALP-027_slide-03.png,True,True,True,True,True,APPROVED,,0
ALP-027,4,ALP-027_slide-04.png,True,True,True,True,True,APPROVED,,0
ALP-027,5,ALP-027_slide-05.png,True,True,True,True,True,APPROVED,,0
ALP-028,1,ALP-028_slide-01.png,True,True,True,True,True,APPROVED,,0
ALP-028,2,ALP-028_slide-02.png,True,True,True,True,True,APPROVED,,0
ALP-028,3,ALP-028_slide-03.png,True,True,True,True,True,APPROVED,,0
ALP-028,4,ALP-028_slide-04.png,True,True,True,True,True,APPROVED,,0
ALP-028,5,ALP-028_slide-05.png,True,True,True,True,True,APPROVED,,0
ALP-029,1,ALP-029_slide-01.png,True,True,True,True,True,APPROVED,,0
ALP-029,2,ALP-029_slide-02.png,True,True,True,True,True,APPROVED,,0
ALP-029,3,ALP-029_slide-03.png,True,True,True,True,True,APPROVED,,0
ALP-029,4,ALP-029_slide-04.png,True,True,True,True,True,APPROVED,,0
ALP-029,5,ALP-029_slide-05.png,True,True,True,True,True,APPROVED,,0
ALP-030,1,ALP-030_slide-01.png,True,True,True,True,True,APPROVED,,0
ALP-030,2,ALP-030_slide-02.png,True,True,True,True,True,APPROVED,,0
ALP-030,3,ALP-030_slide-03.png,True,True,True,True,True,APPROVED,,0
ALP-030,4,ALP-030_slide-04.png,True,True,True,True,True,APPROVED,,0
ALP-030,5,ALP-030_slide-05.png,True,True,True,True,True,APPROVED,,0
ALP-031,1,ALP-031_slide-01.png,True,True,True,True,True,APPROVED,,0
ALP-031,2,ALP-031_slide-02.png,True,True,True,True,True,APPROVED,,0
ALP-031,3,ALP-031_slide-03.png,True,True,True,True,True,APPROVED,,0
ALP-031,4,ALP-031_slide-04.png,True,True,True,True,True,APPROVED,,0
ALP-031,5,ALP-031_slide-05.png,True,True,True,True,True,APPROVED,,0
ALP-032,1,ALP-032_slide-01.png,True,True,True,True,True,APPROVED,,0
ALP-032,2,ALP-032_slide-02.png,True,True,True,True,True,APPROVED,,0
ALP-032,3,ALP-032_slide-03.png,True,True,True,True,True,APPROVED,,0
ALP-032,4,ALP-032_slide-04.png,True,True,True,True,True,APPROVED,,0
ALP-032,5,ALP-032_slide-05.png,True,True,True,True,True,APPROVED,,0
ALP-033,1,ALP-033_slide-01.png,True,True,True,True,True,APPROVED,,0
ALP-033,2,ALP-033_slide-02.png,True,True,True,True,True,APPROVED,,0
ALP-033,3,ALP-033_slide-03.png,True,True,True,True,True,APPROVED,,0
ALP-033,4,ALP-033_slide-04.png,True,True,True,True,True,APPROVED,,0
ALP-033,5,ALP-033_slide-05.png,True,True,True,True,True,APPROVED,,0
ALP-034,1,ALP-034_slide-01.png,True,True,True,True,True,APPROVED,,0
ALP-034,2,ALP-034_slide-02.png,True,True,True,True,True,APPROVED,,0
ALP-034,3,ALP-034_slide-03.png,True,True,True,True,True,APPROVED,,0
ALP-034,4,ALP-034_slide-04.png,True,True,True,True,True,APPROVED,,0
ALP-034,5,ALP-034_slide-05.png,True,True,True,True,True,APPROVED,,0
ALP-035,1,ALP-035_slide-01.png,True,True,True,True,True,APPROVED,,0
ALP-035,2,ALP-035_slide-02.png,True,True,True,True,True,APPROVED,,0
ALP-035,3,ALP-035_slide-03.png,True,True,True,True,True,APPROVED,,0
ALP-035,4,ALP-035_slide-04.png,True,True,True,True,True,APPROVED,,0
ALP-035,5,ALP-035_slide-05.png,True,True,True,True,True,APPROVED,,0
ALP-036,1,ALP-036_slide-01.png,True,True,True,True,True,APPROVED,,0
ALP-036,2,ALP-036_slide-02.png,True,True,True,True,True,APPROVED,,0
ALP-036,3,ALP-036_slide-03.png,True,True,True,True,True,APPROVED,,0
ALP-036,4,ALP-036_slide-04.png,True,True,True,True,True,APPROVED,,0
ALP-036,5,ALP-036_slide-05.png,True,True,True,True,True,APPROVED,,0
ALP-037,1,ALP-037_slide-01.png,True,True,True,True,True,APPROVED,,0
ALP-037,2,ALP-037_slide-02.png,True,True,True,True,True,APPROVED,,0
ALP-037,3,ALP-037_slide-03.png,True,True,True,True,True,APPROVED,,0
ALP-037,4,ALP-037_slide-04.png,True,True,True,True,True,APPROVED,,0
ALP-037,5,ALP-037_slide-05.png,True,True,True,True,True,APPROVED,,0
ALP-038,1,ALP-038_slide-01.png,True,True,True,True,True,APPROVED,,0
ALP-038,2,ALP-038_slide-02.png,True,True,True,True,True,APPROVED,,0
ALP-038,3,ALP-038_slide-03.png,True,True,True,True,True,APPROVED,,0
ALP-038,4,ALP-038_slide-04.png,True,True,True,True,True,APPROVED,,0
ALP-038,5,ALP-038_slide-05.png,True,True,True,True,True,APPROVED,,0
ALP-039,1,ALP-039_slide-01.png,True,True,True,True,True,APPROVED,,0
ALP-039,2,ALP-039_slide-02.png,True,True,True,True,True,APPROVED,,0
ALP-039,3,ALP-039_slide-03.png,True,True,True,True,True,APPROVED,,0
ALP-039,4,ALP-039_slide-04.png,True,True,True,True,True,APPROVED,,0
ALP-039,5,ALP-039_slide-05.png,True,True,True,True,True,APPROVED,,0
ALP-040,1,ALP-040_slide-01.png,True,True,True,True,True,APPROVED,,0
ALP-040,2,ALP-040_slide-02.png,True,True,True,True,True,APPROVED,,0
ALP-040,3,ALP-040_slide-03.png,True,True,True,True,True,APPROVED,,0
ALP-040,4,ALP-040_slide-04.png,True,True,True,True,True,APPROVED,,0
ALP-040,5,ALP-040_slide-05.png,True,True,True,True,True,APPROVED,,0
ALP-041,1,ALP-041_slide-01.png,True,True,True,True,True,APPROVED,,0
ALP-041,2,ALP-041_slide-02.png,True,True,True,True,True,APPROVED,,0
ALP-041,3,ALP-041_slide-03.png,True,True,True,True,True,APPROVED,,0
ALP-041,4,ALP-041_slide-04.png,True,True,True,True,True,APPROVED,,0
ALP-041,5,ALP-041_slide-05.png,True,True,True,True,True,APPROVED,,0
ALP-042,1,ALP-042_slide-01.png,True,True,True,True,True,APPROVED,,0
ALP-042,2,ALP-042_slide-02.png,True,True,True,True,True,APPROVED,,0
ALP-042,3,ALP-042_slide-03.png,True,True,True,True,True,APPROVED,,0
ALP-042,4,ALP-042_slide-04.png,True,True,True,True,True,APPROVED,,0
ALP-042,5,ALP-042_slide-05.png,True,True,True,True,True,APPROVED,,0
ALP-043,1,ALP-043_slide-01.png,True,True,True,True,True,APPROVED,,0
ALP-043,2,ALP-043_slide-02.png,True,True,True,True,True,APPROVED,,0
ALP-043,3,ALP-043_slide-03.png,True,True,True,True,True,APPROVED,,0
ALP-043,4,ALP-043_slide-04.png,True,True,True,True,True,APPROVED,,0
ALP-043,5,ALP-043_slide-05.png,True,True,True,True,True,APPROVED,,0
ALP-044,1,ALP-044_slide-01.png,True,True,True,True,True,APPROVED,,0
ALP-044,2,ALP-044_slide-02.png,True,True,True,True,True,APPROVED,,0
ALP-044,3,ALP-044_slide-03.png,True,True,True,True,True,APPROVED,,0
ALP-044,4,ALP-044_slide-04.png,True,True,True,True,True,APPROVED,,0
ALP-044,5,ALP-044_slide-05.png,True,True,True,True,True,APPROVED,,0
ALP-045,1,ALP-045_slide-01.png,True,True,True,True,True,APPROVED,,0
ALP-045,2,ALP-045_slide-02.png,True,True,True,True,True,APPROVED,,0
ALP-045,3,ALP-045_slide-03.png,True,True,True,True,True,APPROVED,,0
ALP-045,4,ALP-045_slide-04.png,True,True,True,True,True,APPROVED,,0
ALP-045,5,ALP-045_slide-05.png,True,True,True,True,True,APPROVED,,0
ALP-046,1,ALP-046_slide-01.png,True,True,True,True,True,APPROVED,,0
ALP-046,2,ALP-046_slide-02.png,True,True,True,True,True,APPROVED,,0
ALP-046,3,ALP-046_slide-03.png,True,True,True,True,True,APPROVED,,0
ALP-046,4,ALP-046_slide-04.png,True,True,True,True,True,APPROVED,,0
ALP-046,5,ALP-046_slide-05.png,True,True,True,True,True,APPROVED,,0
ALP-047,1,ALP-047_slide-01.png,True,True,True,True,True,APPROVED,,0
ALP-047,2,ALP-047_slide-02.png,True,True,True,True,True,APPROVED,,0
ALP-047,3,ALP-047_slide-03.png,True,True,True,True,True,APPROVED,,0
ALP-047,4,ALP-047_slide-04.png,True,True,True,True,True,APPROVED,,0
ALP-047,5,ALP-047_slide-05.png,True,True,True,True,True,APPROVED,,0
ALP-048,1,ALP-048_slide-01.png,True,True,True,True,True,APPROVED,,0
ALP-048,2,ALP-048_slide-02.png,True,True,True,True,True,APPROVED,,0
ALP-048,3,ALP-048_slide-03.png,True,True,True,True,True,APPROVED,,0
ALP-048,4,ALP-048_slide-04.png,True,True,True,True,True,APPROVED,,0
ALP-048,5,ALP-048_slide-05.png,True,True,True,True,True,APPROVED,,0
ALP-049,1,ALP-049_slide-01.png,True,True,True,True,True,APPROVED,,0
ALP-049,2,ALP-049_slide-02.png,True,True,True,True,True,APPROVED,,0
ALP-049,3,ALP-049_slide-03.png,True,True,True,True,True,APPROVED,,0
ALP-049,4,ALP-049_slide-04.png,True,True,True,True,True,APPROVED,,0
ALP-049,5,ALP-049_slide-05.png,True,True,True,True,True,APPROVED,,0
ALP-050,1,ALP-050_slide-01.png,True,True,True,True,True,APPROVED,,0
ALP-050,2,ALP-050_slide-02.png,True,True,True,True,True,APPROVED,,0
ALP-050,3,ALP-050_slide-03.png,True,True,True,True,True,APPROVED,,0
ALP-050,4,ALP-050_slide-04.png,True,True,True,True,True,APPROVED,,0
ALP-050,5,ALP-050_slide-05.png,True,True,True,True,True,APPROVED,,0
ALP-051,1,ALP-051_slide-01.png,True,True,True,True,True,APPROVED,,0
ALP-051,2,ALP-051_slide-02.png,True,True,True,True,True,APPROVED,,0
ALP-051,3,ALP-051_slide-03.png,True,True,True,True,True,APPROVED,,0
ALP-051,4,ALP-051_slide-04.png,True,True,True,True,True,APPROVED,,0
ALP-051,5,ALP-051_slide-05.png,True,True,True,True,True,APPROVED,,0
ALP-052,1,ALP-052_slide-01.png,True,True,True,True,True,APPROVED,,0
ALP-052,2,ALP-052_slide-02.png,True,True,True,True,True,APPROVED,,0
ALP-052,3,ALP-052_slide-03.png,True,True,True,True,True,APPROVED,,0
ALP-052,4,ALP-052_slide-04.png,True,True,True,True,True,APPROVED,,0
ALP-052,5,ALP-052_slide-05.png,True,True,True,True,True,APPROVED,,0
ALP-053,1,ALP-053_slide-01.png,True,True,True,True,True,APPROVED,,0
ALP-053,2,ALP-053_slide-02.png,True,True,True,True,True,APPROVED,,0
ALP-053,3,ALP-053_slide-03.png,True,True,True,True,True,APPROVED,,0
ALP-053,4,ALP-053_slide-04.png,True,True,True,True,True,APPROVED,,0
ALP-053,5,ALP-053_slide-05.png,True,True,True,True,True,APPROVED,,0
ALP-054,1,ALP-054_slide-01.png,True,True,True,True,True,APPROVED,,0
ALP-054,2,ALP-054_slide-02.png,True,True,True,True,True,APPROVED,,0
ALP-054,3,ALP-054_slide-03.png,True,True,True,True,True,APPROVED,,0
ALP-054,4,ALP-054_slide-04.png,True,True,True,True,True,APPROVED,,0
ALP-054,5,ALP-054_slide-05.png,True,True,True,True,True,APPROVED,,0
ALP-055,1,ALP-055_slide-01.png,True,True,True,True,True,APPROVED,,0
ALP-055,2,ALP-055_slide-02.png,True,True,True,True,True,APPROVED,,0
ALP-055,3,ALP-055_slide-03.png,True,True,True,True,True,APPROVED,,0
ALP-055,4,ALP-055_slide-04.png,True,True,True,True,True,APPROVED,,0
ALP-055,5,ALP-055_slide-05.png,True,True,True,True,True,APPROVED,,0
ALP-056,1,ALP-056_slide-01.png,True,True,True,True,True,APPROVED,,0
ALP-056,2,ALP-056_slide-02.png,True,True,True,True,True,APPROVED,,0
ALP-056,3,ALP-056_slide-03.png,True,True,True,True,True,APPROVED,,0
ALP-056,4,ALP-056_slide-04.png,True,True,True,True,True,APPROVED,,0
ALP-056,5,ALP-056_slide-05.png,True,True,True,True,True,APPROVED,,0
ALP-057,1,ALP-057_slide-01.png,True,True,True,True,True,APPROVED,,0
ALP-057,2,ALP-057_slide-02.png,True,True,True,True,True,APPROVED,,0
ALP-057,3,ALP-057_slide-03.png,True,True,True,True,True,APPROVED,,0
ALP-057,4,ALP-057_slide-04.png,True,True,True,True,True,APPROVED,,0
ALP-057,5,ALP-057_slide-05.png,True,True,True,True,True,APPROVED,,0
ALP-058,1,ALP-058_slide-01.png,True,True,True,True,True,APPROVED,,0
ALP-058,2,ALP-058_slide-02.png,True,True,True,True,True,APPROVED,,0
ALP-058,3,ALP-058_slide-03.png,True,True,True,True,True,APPROVED,,0
ALP-058,4,ALP-058_slide-04.png,True,True,True,True,True,APPROVED,,0
ALP-058,5,ALP-058_slide-05.png,True,True,True,True,True,APPROVED,,0
ALP-059,1,ALP-059_slide-01.png,True,True,True,True,True,APPROVED,,0
ALP-059,2,ALP-059_slide-02.png,True,True,True,True,True,APPROVED,,0
ALP-059,3,ALP-059_slide-03.png,True,True,True,True,True,APPROVED,,0
ALP-059,4,ALP-059_slide-04.png,True,True,True,True,True,APPROVED,,0
ALP-059,5,ALP-059_slide-05.png,True,True,True,True,True,APPROVED,,0
ALP-060,1,ALP-060_slide-01.png,True,True,True,True,True,APPROVED,,0
ALP-060,2,ALP-060_slide-02.png,True,True,True,True,True,APPROVED,,0
ALP-060,3,ALP-060_slide-03.png,True,True,True,True,True,APPROVED,,0
ALP-060,4,ALP-060_slide-04.png,True,True,True,True,True,APPROVED,,0
ALP-060,5,ALP-060_slide-05.png,True,True,True,True,True,APPROVED,,0
ALP-061,1,ALP-061_slide-01.png,True,True,True,True,True,APPROVED,,0
ALP-061,2,ALP-061_slide-02.png,True,True,True,True,True,APPROVED,,0
ALP-061,3,ALP-061_slide-03.png,True,True,True,True,True,APPROVED,,0
ALP-061,4,ALP-061_slide-04.png,True,True,True,True,True,APPROVED,,0
ALP-061,5,ALP-061_slide-05.png,True,True,True,True,True,APPROVED,,0
ALP-062,1,ALP-062_slide-01.png,True,True,True,True,True,APPROVED,,0
ALP-062,2,ALP-062_slide-02.png,True,True,True,True,True,APPROVED,,0
ALP-062,3,ALP-062_slide-03.png,True,True,True,True,True,APPROVED,,0
ALP-062,4,ALP-062_slide-04.png,True,True,True,True,True,APPROVED,,0
ALP-062,5,ALP-062_slide-05.png,True,True,True,True,True,APPROVED,,0
ALP-063,1,ALP-063_slide-01.png,True,True,True,True,True,APPROVED,,0
ALP-063,2,ALP-063_slide-02.png,True,True,True,True,True,APPROVED,,0
ALP-063,3,ALP-063_slide-03.png,True,True,True,True,True,APPROVED,,0
ALP-063,4,ALP-063_slide-04.png,True,True,True,True,True,APPROVED,,0
ALP-063,5,ALP-063_slide-05.png,True,True,True,True,True,APPROVED,,0
ALP-064,1,ALP-064_slide-01.png,True,True,True,True,True,APPROVED,,0
ALP-064,2,ALP-064_slide-02.png,True,True,True,True,True,APPROVED,,0
ALP-064,3,ALP-064_slide-03.png,True,True,True,True,True,APPROVED,,0
ALP-064,4,ALP-064_slide-04.png,True,True,True,True,True,APPROVED,,0
ALP-064,5,ALP-064_slide-05.png,True,True,True,True,True,APPROVED,,0
ALP-065,1,ALP-065_slide-01.png,True,True,True,True,True,APPROVED,,0
ALP-065,2,ALP-065_slide-02.png,True,True,True,True,True,APPROVED,,0
ALP-065,3,ALP-065_slide-03.png,True,True,True,True,True,APPROVED,,0
ALP-065,4,ALP-065_slide-04.png,True,True,True,True,True,APPROVED,,0
ALP-065,5,ALP-065_slide-05.png,True,True,True,True,True,APPROVED,,0
ALP-066,1,ALP-066_slide-01.png,True,True,True,True,True,APPROVED,,0
ALP-066,2,ALP-066_slide-02.png,True,True,True,True,True,APPROVED,,0
ALP-066,3,ALP-066_slide-03.png,True,True,True,True,True,APPROVED,,0
ALP-066,4,ALP-066_slide-04.png,True,True,True,True,True,APPROVED,,0
ALP-066,5,ALP-066_slide-05.png,True,True,True,True,True,APPROVED,,0
ALP-067,1,ALP-067_slide-01.png,True,True,True,True,True,APPROVED,,0
ALP-067,2,ALP-067_slide-02.png,True,True,True,True,True,APPROVED,,0
ALP-067,3,ALP-067_slide-03.png,True,True,True,True,True,APPROVED,,0
ALP-067,4,ALP-067_slide-04.png,True,True,True,True,True,APPROVED,,0
ALP-067,5,ALP-067_slide-05.png,True,True,True,True,True,APPROVED,,0
ALP-068,1,ALP-068_slide-01.png,True,True,True,True,True,APPROVED,,0
ALP-068,2,ALP-068_slide-02.png,True,True,True,True,True,APPROVED,,0
ALP-068,3,ALP-068_slide-03.png,True,True,True,True,True,APPROVED,,0
ALP-068,4,ALP-068_slide-04.png,True,True,True,True,True,APPROVED,,0
ALP-068,5,ALP-068_slide-05.png,True,True,True,True,True,APPROVED,,0
ALP-069,1,ALP-069_slide-01.png,True,True,True,True,True,APPROVED,,0
ALP-069,2,ALP-069_slide-02.png,True,True,True,True,True,APPROVED,,0
ALP-069,3,ALP-069_slide-03.png,True,True,True,True,True,APPROVED,,0
ALP-069,4,ALP-069_slide-04.png,True,True,True,True,True,APPROVED,,0
ALP-069,5,ALP-069_slide-05.png,True,True,True,True,True,APPROVED,,0
ALP-070,1,ALP-070_slide-01.png,True,True,True,True,True,APPROVED,,0
ALP-070,2,ALP-070_slide-02.png,True,True,True,True,True,APPROVED,,0
ALP-070,3,ALP-070_slide-03.png,True,True,True,True,True,APPROVED,,0
ALP-070,4,ALP-070_slide-04.png,True,True,True,True,True,APPROVED,,0
ALP-070,5,ALP-070_slide-05.png,True,True,True,True,True,APPROVED,,0
ALP-071,1,ALP-071_slide-01.png,True,True,True,True,True,APPROVED,,0
ALP-071,2,ALP-071_slide-02.png,True,True,True,True,True,APPROVED,,0
ALP-071,3,ALP-071_slide-03.png,True,True,True,True,True,APPROVED,,0
ALP-071,4,ALP-071_slide-04.png,True,True,True,True,True,APPROVED,,0
ALP-071,5,ALP-071_slide-05.png,True,True,True,True,True,APPROVED,,0
ALP-072,1,ALP-072_slide-01.png,True,True,True,True,True,APPROVED,,0
ALP-072,2,ALP-072_slide-02.png,True,True,True,True,True,APPROVED,,0
ALP-072,3,ALP-072_slide-03.png,True,True,True,True,True,APPROVED,,0
ALP-072,4,ALP-072_slide-04.png,True,True,True,True,True,APPROVED,,0
ALP-072,5,ALP-072_slide-05.png,True,True,True,True,True,APPROVED,,0
ALP-073,1,ALP-073_slide-01.png,True,True,True,True,True,APPROVED,,0
ALP-073,2,ALP-073_slide-02.png,True,True,True,True,True,APPROVED,,0
ALP-073,3,ALP-073_slide-03.png,True,True,True,True,True,APPROVED,,0
ALP-073,4,ALP-073_slide-04.png,True,True,True,True,True,APPROVED,,0
ALP-073,5,ALP-073_slide-05.png,True,True,True,True,True,APPROVED,,0
ALP-074,1,ALP-074_slide-01.png,True,True,True,True,True,APPROVED,,0
ALP-074,2,ALP-074_slide-02.png,True,True,True,True,True,APPROVED,,0
ALP-074,3,ALP-074_slide-03.png,True,True,True,True,True,APPROVED,,0
ALP-074,4,ALP-074_slide-04.png,True,True,True,True,True,APPROVED,,0
ALP-074,5,ALP-074_slide-05.png,True,True,True,True,True,APPROVED,,0
ALP-075,1,ALP-075_slide-01.png,True,True,True,True,True,APPROVED,,0
ALP-075,2,ALP-075_slide-02.png,True,True,True,True,True,APPROVED,,0
ALP-075,3,ALP-075_slide-03.png,True,True,True,True,True,APPROVED,,0
ALP-075,4,ALP-075_slide-04.png,True,True,True,True,True,APPROVED,,0
ALP-075,5,ALP-075_slide-05.png,True,True,True,True,True,APPROVED,,0
ALP-076,1,ALP-076_slide-01.png,True,True,True,True,True,APPROVED,,0
ALP-076,2,ALP-076_slide-02.png,True,True,True,True,True,APPROVED,,0
ALP-076,3,ALP-076_slide-03.png,True,True,True,True,True,APPROVED,,0
ALP-076,4,ALP-076_slide-04.png,True,True,True,True,True,APPROVED,,0
ALP-076,5,ALP-076_slide-05.png,True,True,True,True,True,APPROVED,,0
ALP-077,1,ALP-077_slide-01.png,True,True,True,True,True,APPROVED,,0
ALP-077,2,ALP-077_slide-02.png,True,True,True,True,True,APPROVED,,0
ALP-077,3,ALP-077_slide-03.png,True,True,True,True,True,APPROVED,,0
ALP-077,4,ALP-077_slide-04.png,True,True,True,True,True,APPROVED,,0
ALP-077,5,ALP-077_slide-05.png,True,True,True,True,True,APPROVED,,0
ALP-078,1,ALP-078_slide-01.png,True,True,True,True,True,APPROVED,,0
ALP-078,2,ALP-078_slide-02.png,True,True,True,True,True,APPROVED,,0
ALP-078,3,ALP-078_slide-03.png,True,True,True,True,True,APPROVED,,0
ALP-078,4,ALP-078_slide-04.png,True,True,True,True,True,APPROVED,,0
ALP-078,5,ALP-078_slide-05.png,True,True,True,True,True,APPROVED,,0
ALP-079,1,ALP-079_slide-01.png,True,True,True,True,True,APPROVED,,0
ALP-079,2,ALP-079_slide-02.png,True,True,True,True,True,APPROVED,,0
ALP-079,3,ALP-079_slide-03.png,True,True,True,True,True,APPROVED,,0
ALP-079,4,ALP-079_slide-04.png,True,True,True,True,True,APPROVED,,0
ALP-079,5,ALP-079_slide-05.png,True,True,True,True,True,APPROVED,,0
ALP-080,1,ALP-080_slide-01.png,True,True,True,True,True,APPROVED,,0
ALP-080,2,ALP-080_slide-02.png,True,True,True,True,True,APPROVED,,0
ALP-080,3,ALP-080_slide-03.png,True,True,True,True,True,APPROVED,,0
ALP-080,4,ALP-080_slide-04.png,True,True,True,True,True,APPROVED,,0
ALP-080,5,ALP-080_slide-05.png,True,True,True,True,True,APPROVED,,0
ALP-081,1,ALP-081_slide-01.png,True,True,True,True,True,APPROVED,,0
ALP-081,2,ALP-081_slide-02.png,True,True,True,True,True,APPROVED,,0
ALP-081,3,ALP-081_slide-03.png,True,True,True,True,True,APPROVED,,0
ALP-081,4,ALP-081_slide-04.png,True,True,True,True,True,APPROVED,,0
ALP-081,5,ALP-081_slide-05.png,True,True,True,True,True,APPROVED,,0
ALP-082,1,ALP-082_slide-01.png,True,True,True,True,True,APPROVED,,0
ALP-082,2,ALP-082_slide-02.png,True,True,True,True,True,APPROVED,,0
ALP-082,3,ALP-082_slide-03.png,True,True,True,True,True,APPROVED,,0
ALP-082,4,ALP-082_slide-04.png,True,True,True,True,True,APPROVED,,0
ALP-082,5,ALP-082_slide-05.png,True,True,True,True,True,APPROVED,,0
ALP-083,1,ALP-083_slide-01.png,True,True,True,True,True,APPROVED,,0
ALP-083,2,ALP-083_slide-02.png,True,True,True,True,True,APPROVED,,0
ALP-083,3,ALP-083_slide-03.png,True,True,True,True,True,APPROVED,,0
ALP-083,4,ALP-083_slide-04.png,True,True,True,True,True,APPROVED,,0
ALP-083,5,ALP-083_slide-05.png,True,True,True,True,True,APPROVED,,0
ALP-084,1,ALP-084_slide-01.png,True,True,True,True,True,APPROVED,,0
ALP-084,2,ALP-084_slide-02.png,True,True,True,True,True,APPROVED,,0
ALP-084,3,ALP-084_slide-03.png,True,True,True,True,True,APPROVED,,0
ALP-084,4,ALP-084_slide-04.png,True,True,True,True,True,APPROVED,,0
ALP-084,5,ALP-084_slide-05.png,True,True,True,True,True,APPROVED,,0
ALP-085,1,ALP-085_slide-01.png,True,True,True,True,True,APPROVED,,0
ALP-085,2,ALP-085_slide-02.png,True,True,True,True,True,APPROVED,,0
ALP-085,3,ALP-085_slide-03.png,True,True,True,True,True,APPROVED,,0
ALP-085,4,ALP-085_slide-04.png,True,True,True,True,True,APPROVED,,0
ALP-085,5,ALP-085_slide-05.png,True,True,True,True,True,APPROVED,,0
ALP-086,1,ALP-086_slide-01.png,True,True,True,True,True,APPROVED,,0
ALP-086,2,ALP-086_slide-02.png,True,True,True,True,True,APPROVED,,0
ALP-086,3,ALP-086_slide-03.png,True,True,True,True,True,APPROVED,,0
ALP-086,4,ALP-086_slide-04.png,True,True,True,True,True,APPROVED,,0
ALP-086,5,ALP-086_slide-05.png,True,True,True,True,True,APPROVED,,0
ALP-087,1,ALP-087_slide-01.png,True,True,True,True,True,APPROVED,,0
ALP-087,2,ALP-087_slide-02.png,True,True,True,True,True,APPROVED,,0
ALP-087,3,ALP-087_slide-03.png,True,True,True,True,True,APPROVED,,0
ALP-087,4,ALP-087_slide-04.png,True,True,True,True,True,APPROVED,,0
ALP-087,5,ALP-087_slide-05.png,True,True,True,True,True,APPROVED,,0
ALP-088,1,ALP-088_slide-01.png,True,True,True,True,True,APPROVED,,0
ALP-088,2,ALP-088_slide-02.png,True,True,True,True,True,APPROVED,,0
ALP-088,3,ALP-088_slide-03.png,True,True,True,True,True,APPROVED,,0
ALP-088,4,ALP-088_slide-04.png,True,True,True,True,True,APPROVED,,0
ALP-088,5,ALP-088_slide-05.png,True,True,True,True,True,APPROVED,,0
ALP-089,1,ALP-089_slide-01.png,True,True,True,True,True,APPROVED,,0
ALP-089,2,ALP-089_slide-02.png,True,True,True,True,True,APPROVED,,0
ALP-089,3,ALP-089_slide-03.png,True,True,True,True,True,APPROVED,,0
ALP-089,4,ALP-089_slide-04.png,True,True,True,True,True,APPROVED,,0
ALP-089,5,ALP-089_slide-05.png,True,True,True,True,True,APPROVED,,0
ALP-090,1,ALP-090_slide-01.png,True,True,True,True,True,APPROVED,,0
ALP-090,2,ALP-090_slide-02.png,True,True,True,True,True,APPROVED,,0
ALP-090,3,ALP-090_slide-03.png,True,True,True,True,True,APPROVED,,0
ALP-090,4,ALP-090_slide-04.png,True,True,True,True,True,APPROVED,,0
ALP-090,5,ALP-090_slide-05.png,True,True,True,True,True,APPROVED,,0
ALP-091,1,ALP-091_slide-01.png,True,True,True,True,True,APPROVED,,0
ALP-091,2,ALP-091_slide-02.png,True,True,True,True,True,APPROVED,,0
ALP-091,3,ALP-091_slide-03.png,True,True,True,True,True,APPROVED,,0
ALP-091,4,ALP-091_slide-04.png,True,True,True,True,True,APPROVED,,0
ALP-091,5,ALP-091_slide-05.png,True,True,True,True,True,APPROVED,,0
ALP-092,1,ALP-092_slide-01.png,True,True,True,True,True,APPROVED,,0
ALP-092,2,ALP-092_slide-02.png,True,True,True,True,True,APPROVED,,0
ALP-092,3,ALP-092_slide-03.png,True,True,True,True,True,APPROVED,,0
ALP-092,4,ALP-092_slide-04.png,True,True,True,True,True,APPROVED,,0
ALP-092,5,ALP-092_slide-05.png,True,True,True,True,True,APPROVED,,0
ALP-093,1,ALP-093_slide-01.png,True,True,True,True,True,APPROVED,,0
ALP-093,2,ALP-093_slide-02.png,True,True,True,True,True,APPROVED,,0
ALP-093,3,ALP-093_slide-03.png,True,True,True,True,True,APPROVED,,0
ALP-093,4,ALP-093_slide-04.png,True,True,True,True,True,APPROVED,,0
ALP-093,5,ALP-093_slide-05.png,True,True,True,True,True,APPROVED,,0
ALP-094,1,ALP-094_slide-01.png,True,True,True,True,True,APPROVED,,0
ALP-094,2,ALP-094_slide-02.png,True,True,True,True,True,APPROVED,,0
ALP-094,3,ALP-094_slide-03.png,True,True,True,True,True,APPROVED,,0
ALP-094,4,ALP-094_slide-04.png,True,True,True,True,True,APPROVED,,0
ALP-094,5,ALP-094_slide-05.png,True,True,True,True,True,APPROVED,,0
ALP-095,1,ALP-095_slide-01.png,True,True,True,True,True,APPROVED,,0
ALP-095,2,ALP-095_slide-02.png,True,True,True,True,True,APPROVED,,0
ALP-095,3,ALP-095_slide-03.png,True,True,True,True,True,APPROVED,,0
ALP-095,4,ALP-095_slide-04.png,True,True,True,True,True,APPROVED,,0
ALP-095,5,ALP-095_slide-05.png,True,True,True,True,True,APPROVED,,0
ALP-096,1,ALP-096_slide-01.png,True,True,True,True,True,APPROVED,,0
ALP-096,2,ALP-096_slide-02.png,True,True,True,True,True,APPROVED,,0
ALP-096,3,ALP-096_slide-03.png,True,True,True,True,True,APPROVED,,0
ALP-096,4,ALP-096_slide-04.png,True,True,True,True,True,APPROVED,,0
ALP-096,5,ALP-096_slide-05.png,True,True,True,True,True,APPROVED,,0
ALP-097,1,ALP-097_slide-01.png,True,True,True,True,True,APPROVED,,0
ALP-097,2,ALP-097_slide-02.png,True,True,True,True,True,APPROVED,,0
ALP-097,3,ALP-097_slide-03.png,True,True,True,True,True,APPROVED,,0
ALP-097,4,ALP-097_slide-04.png,True,True,True,True,True,APPROVED,,0
ALP-097,5,ALP-097_slide-05.png,True,True,True,True,True,APPROVED,,0
ALP-098,1,ALP-098_slide-01.png,True,True,True,True,True,APPROVED,,0
ALP-098,2,ALP-098_slide-02.png,True,True,True,True,True,APPROVED,,0
ALP-098,3,ALP-098_slide-03.png,True,True,True,True,True,APPROVED,,0
ALP-098,4,ALP-098_slide-04.png,True,True,True,True,True,APPROVED,,0
ALP-098,5,ALP-098_slide-05.png,True,True,True,True,True,APPROVED,,0
ALP-099,1,ALP-099_slide-01.png,True,True,True,True,True,APPROVED,,0
ALP-099,2,ALP-099_slide-02.png,True,True,True,True,True,APPROVED,,0
ALP-099,3,ALP-099_slide-03.png,True,True,True,True,True,APPROVED,,0
ALP-099,4,ALP-099_slide-04.png,True,True,True,True,True,APPROVED,,0
ALP-099,5,ALP-099_slide-05.png,True,True,True,True,True,APPROVED,,0
ALP-100,1,ALP-100_slide-01.png,True,True,True,True,True,APPROVED,,0
ALP-100,2,ALP-100_slide-02.png,True,True,True,True,True,APPROVED,,0
ALP-100,3,ALP-100_slide-03.png,True,True,True,True,True,APPROVED,,0
ALP-100,4,ALP-100_slide-04.png,True,True,True,True,True,APPROVED,,0
ALP-100,5,ALP-100_slide-05.png,True,True,True,True,True,APPROVED,,0
ALP-101,1,ALP-101_slide-01.png,True,True,True,True,True,APPROVED,,0
ALP-101,2,ALP-101_slide-02.png,True,True,True,True,True,APPROVED,,0
ALP-101,3,ALP-101_slide-03.png,True,True,True,True,True,APPROVED,,0
ALP-101,4,ALP-101_slide-04.png,True,True,True,True,True,APPROVED,,0
ALP-101,5,ALP-101_slide-05.png,True,True,True,True,True,APPROVED,,0
ALP-102,1,ALP-102_slide-01.png,True,True,True,True,True,APPROVED,,0
ALP-102,2,ALP-102_slide-02.png,True,True,True,True,True,APPROVED,,0
ALP-102,3,ALP-102_slide-03.png,True,True,True,True,True,APPROVED,,0
ALP-102,4,ALP-102_slide-04.png,True,True,True,True,True,APPROVED,,0
ALP-102,5,ALP-102_slide-05.png,True,True,True,True,True,APPROVED,,0
ALP-103,1,ALP-103_slide-01.png,True,True,True,True,True,APPROVED,,0
ALP-103,2,ALP-103_slide-02.png,True,True,True,True,True,APPROVED,,0
ALP-103,3,ALP-103_slide-03.png,True,True,True,True,True,APPROVED,,0
ALP-103,4,ALP-103_slide-04.png,True,True,True,True,True,APPROVED,,0
ALP-103,5,ALP-103_slide-05.png,True,True,True,True,True,APPROVED,,0
ALP-104,1,ALP-104_slide-01.png,True,True,True,True,True,APPROVED,,0
ALP-104,2,ALP-104_slide-02.png,True,True,True,True,True,APPROVED,,0
ALP-104,3,ALP-104_slide-03.png,True,True,True,True,True,APPROVED,,0
ALP-104,4,ALP-104_slide-04.png,True,True,True,True,True,APPROVED,,0
ALP-104,5,ALP-104_slide-05.png,True,True,True,True,True,APPROVED,,0
ALP-105,1,ALP-105_slide-01.png,True,True,True,True,True,APPROVED,,0
ALP-105,2,ALP-105_slide-02.png,True,True,True,True,True,APPROVED,,0
ALP-105,3,ALP-105_slide-03.png,True,True,True,True,True,APPROVED,,0
ALP-105,4,ALP-105_slide-04.png,True,True,True,True,True,APPROVED,,0
ALP-105,5,ALP-105_slide-05.png,True,True,True,True,True,APPROVED,,0
ALP-106,1,ALP-106_slide-01.png,True,True,True,True,True,APPROVED,,0
ALP-106,2,ALP-106_slide-02.png,True,True,True,True,True,APPROVED,,0
ALP-106,3,ALP-106_slide-03.png,True,True,True,True,True,APPROVED,,0
ALP-106,4,ALP-106_slide-04.png,True,True,True,True,True,APPROVED,,0
ALP-106,5,ALP-106_slide-05.png,True,True,True,True,True,APPROVED,,0
ALP-107,1,ALP-107_slide-01.png,True,True,True,True,True,APPROVED,,0
ALP-107,2,ALP-107_slide-02.png,True,True,True,True,True,APPROVED,,0
ALP-107,3,ALP-107_slide-03.png,True,True,True,True,True,APPROVED,,0
ALP-107,4,ALP-107_slide-04.png,True,True,True,True,True,APPROVED,,0
ALP-107,5,ALP-107_slide-05.png,True,True,True,True,True,APPROVED,,0
ALP-108,1,ALP-108_slide-01.png,True,True,True,True,True,APPROVED,,0
ALP-108,2,ALP-108_slide-02.png,True,True,True,True,True,APPROVED,,0
ALP-108,3,ALP-108_slide-03.png,True,True,True,True,True,APPROVED,,0
ALP-108,4,ALP-108_slide-04.png,True,True,True,True,True,APPROVED,,0
ALP-108,5,ALP-108_slide-05.png,True,True,True,True,True,APPROVED,,0
ALP-109,1,ALP-109_slide-01.png,True,True,True,True,True,APPROVED,,0
ALP-109,2,ALP-109_slide-02.png,True,True,True,True,True,APPROVED,,0
ALP-109,3,ALP-109_slide-03.png,True,True,True,True,True,APPROVED,,0
ALP-109,4,ALP-109_slide-04.png,True,True,True,True,True,APPROVED,,0
ALP-109,5,ALP-109_slide-05.png,True,True,True,True,True,APPROVED,,0
ALP-110,1,ALP-110_slide-01.png,True,True,True,True,True,APPROVED,,0
ALP-110,2,ALP-110_slide-02.png,True,True,True,True,True,APPROVED,,0
ALP-110,3,ALP-110_slide-03.png,True,True,True,True,True,APPROVED,,0
ALP-110,4,ALP-110_slide-04.png,True,True,True,True,True,APPROVED,,0
ALP-110,5,ALP-110_slide-05.png,True,True,True,True,True,APPROVED,,0
ALP-111,1,ALP-111_slide-01.png,True,True,True,True,True,APPROVED,,0
ALP-111,2,ALP-111_slide-02.png,True,True,True,True,True,APPROVED,,0
ALP-111,3,ALP-111_slide-03.png,True,True,True,True,True,APPROVED,,0
ALP-111,4,ALP-111_slide-04.png,True,True,True,True,True,APPROVED,,0
ALP-111,5,ALP-111_slide-05.png,True,True,True,True,True,APPROVED,,0
ALP-112,1,ALP-112_slide-01.png,True,True,True,True,True,APPROVED,,0
ALP-112,2,ALP-112_slide-02.png,True,True,True,True,True,APPROVED,,0
ALP-112,3,ALP-112_slide-03.png,True,True,True,True,True,APPROVED,,0
ALP-112,4,ALP-112_slide-04.png,True,True,True,True,True,APPROVED,,0
ALP-112,5,ALP-112_slide-05.png,True,True,True,True,True,APPROVED,,0
ALP-113,1,ALP-113_slide-01.png,True,True,True,True,True,APPROVED,,0
ALP-113,2,ALP-113_slide-02.png,True,True,True,True,True,APPROVED,,0
ALP-113,3,ALP-113_slide-03.png,True,True,True,True,True,APPROVED,,0
ALP-113,4,ALP-113_slide-04.png,True,True,True,True,True,APPROVED,,0
ALP-113,5,ALP-113_slide-05.png,True,True,True,True,True,APPROVED,,0
ALP-114,1,ALP-114_slide-01.png,True,True,True,True,True,APPROVED,,0
ALP-114,2,ALP-114_slide-02.png,True,True,True,True,True,APPROVED,,0
ALP-114,3,ALP-114_slide-03.png,True,True,True,True,True,APPROVED,,0
ALP-114,4,ALP-114_slide-04.png,True,True,True,True,True,APPROVED,,0
ALP-114,5,ALP-114_slide-05.png,True,True,True,True,True,APPROVED,,0
ALP-115,1,ALP-115_slide-01.png,True,True,True,True,True,APPROVED,,0
ALP-115,2,ALP-115_slide-02.png,True,True,True,True,True,APPROVED,,0
ALP-115,3,ALP-115_slide-03.png,True,True,True,True,True,APPROVED,,0
ALP-115,4,ALP-115_slide-04.png,True,True,True,True,True,APPROVED,,0
ALP-115,5,ALP-115_slide-05.png,True,True,True,True,True,APPROVED,,0
ALP-116,1,ALP-116_slide-01.png,True,True,True,True,True,APPROVED,,0
ALP-116,2,ALP-116_slide-02.png,True,True,True,True,True,APPROVED,,0
ALP-116,3,ALP-116_slide-03.png,True,True,True,True,True,APPROVED,,0
ALP-116,4,ALP-116_slide-04.png,True,True,True,True,True,APPROVED,,0
ALP-116,5,ALP-116_slide-05.png,True,True,True,True,True,APPROVED,,0
ALP-117,1,ALP-117_slide-01.png,True,True,True,True,True,APPROVED,,0
ALP-117,2,ALP-117_slide-02.png,True,True,True,True,True,APPROVED,,0
ALP-117,3,ALP-117_slide-03.png,True,True,True,True,True,APPROVED,,0
ALP-117,4,ALP-117_slide-04.png,True,True,True,True,True,APPROVED,,0
ALP-117,5,ALP-117_slide-05.png,True,True,True,True,True,APPROVED,,0
ALP-118,1,ALP-118_slide-01.png,True,True,True,True,True,APPROVED,,0
ALP-118,2,ALP-118_slide-02.png,True,True,True,True,True,APPROVED,,0
ALP-118,3,ALP-118_slide-03.png,True,True,True,True,True,APPROVED,,0
ALP-118,4,ALP-118_slide-04.png,True,True,True,True,True,APPROVED,,0
ALP-118,5,ALP-118_slide-05.png,True,True,True,True,True,APPROVED,,0
ALP-119,1,ALP-119_slide-01.png,True,True,True,True,True,APPROVED,,0
ALP-119,2,ALP-119_slide-02.png,True,True,True,True,True,APPROVED,,0
ALP-119,3,ALP-119_slide-03.png,True,True,True,True,True,APPROVED,,0
ALP-119,4,ALP-119_slide-04.png,True,True,True,True,True,APPROVED,,0
ALP-119,5,ALP-119_slide-05.png,True,True,True,True,True,APPROVED,,0
ALP-120,1,ALP-120_slide-01.png,True,True,True,True,True,APPROVED,,0
ALP-120,2,ALP-120_slide-02.png,True,True,True,True,True,APPROVED,,0
ALP-120,3,ALP-120_slide-03.png,True,True,True,True,True,APPROVED,,0
ALP-120,4,ALP-120_slide-04.png,True,True,True,True,True,APPROVED,,0
ALP-120,5,ALP-120_slide-05.png,True,True,True,True,True,APPROVED,,0
ALP-121,1,ALP-121_slide-01.png,True,True,True,True,True,APPROVED,,0
ALP-121,2,ALP-121_slide-02.png,True,True,True,True,True,APPROVED,,0
ALP-121,3,ALP-121_slide-03.png,True,True,True,True,True,APPROVED,,0
ALP-121,4,ALP-121_slide-04.png,True,True,True,True,True,APPROVED,,0
ALP-121,5,ALP-121_slide-05.png,True,True,True,True,True,APPROVED,,0
ALP-122,1,ALP-122_slide-01.png,True,True,True,True,True,APPROVED,,0
ALP-122,2,ALP-122_slide-02.png,True,True,True,True,True,APPROVED,,0
ALP-122,3,ALP-122_slide-03.png,True,True,True,True,True,APPROVED,,0
ALP-122,4,ALP-122_slide-04.png,True,True,True,True,True,APPROVED,,0
ALP-122,5,ALP-122_slide-05.png,True,True,True,True,True,APPROVED,,0
ALP-123,1,ALP-123_slide-01.png,True,True,True,True,True,APPROVED,,0
ALP-123,2,ALP-123_slide-02.png,True,True,True,True,True,APPROVED,,0
ALP-123,3,ALP-123_slide-03.png,True,True,True,True,True,APPROVED,,0
ALP-123,4,ALP-123_slide-04.png,True,True,True,True,True,APPROVED,,0
ALP-123,5,ALP-123_slide-05.png,True,True,True,True,True,APPROVED,,0
ALP-124,1,ALP-124_slide-01.png,True,True,True,True,True,APPROVED,,0
ALP-124,2,ALP-124_slide-02.png,True,True,True,True,True,APPROVED,,0
ALP-124,3,ALP-124_slide-03.png,True,True,True,True,True,APPROVED,,0
ALP-124,4,ALP-124_slide-04.png,True,True,True,True,True,APPROVED,,0
ALP-124,5,ALP-124_slide-05.png,True,True,True,True,True,APPROVED,,0
ALP-125,1,ALP-125_slide-01.png,True,True,True,True,True,APPROVED,,0
ALP-125,2,ALP-125_slide-02.png,True,True,True,True,True,APPROVED,,0
ALP-125,3,ALP-125_slide-03.png,True,True,True,True,True,APPROVED,,0
ALP-125,4,ALP-125_slide-04.png,True,True,True,True,True,APPROVED,,0
ALP-125,5,ALP-125_slide-05.png,True,True,True,True,True,APPROVED,,0
ALP-126,1,ALP-126_slide-01.png,True,True,True,True,True,APPROVED,,0
ALP-126,2,ALP-126_slide-02.png,True,True,True,True,True,APPROVED,,0
ALP-126,3,ALP-126_slide-03.png,True,True,True,True,True,APPROVED,,0
ALP-126,4,ALP-126_slide-04.png,True,True,True,True,True,APPROVED,,0
ALP-126,5,ALP-126_slide-05.png,True,True,True,True,True,APPROVED,,0
ALP-127,1,ALP-127_slide-01.png,True,True,True,True,True,APPROVED,,0
ALP-127,2,ALP-127_slide-02.png,True,True,True,True,True,APPROVED,,0
ALP-127,3,ALP-127_slide-03.png,True,True,True,True,True,APPROVED,,0
ALP-127,4,ALP-127_slide-04.png,True,True,True,True,True,APPROVED,,0
ALP-127,5,ALP-127_slide-05.png,True,True,True,True,True,APPROVED,,0
ALP-128,1,ALP-128_slide-01.png,True,True,True,True,True,APPROVED,,0
ALP-128,2,ALP-128_slide-02.png,True,True,True,True,True,APPROVED,,0
ALP-128,3,ALP-128_slide-03.png,True,True,True,True,True,APPROVED,,0
ALP-128,4,ALP-128_slide-04.png,True,True,True,True,True,APPROVED,,0
ALP-128,5,ALP-128_slide-05.png,True,True,True,True,True,APPROVED,,0
ALP-129,1,ALP-129_slide-01.png,True,True,True,True,True,APPROVED,,0
ALP-129,2,ALP-129_slide-02.png,True,True,True,True,True,APPROVED,,0
ALP-129,3,ALP-129_slide-03.png,True,True,True,True,True,APPROVED,,0
ALP-129,4,ALP-129_slide-04.png,True,True,True,True,True,APPROVED,,0
ALP-129,5,ALP-129_slide-05.png,True,True,True,True,True,APPROVED,,0
ALP-130,1,ALP-130_slide-01.png,True,True,True,True,True,APPROVED,,0
ALP-130,2,ALP-130_slide-02.png,True,True,True,True,True,APPROVED,,0
ALP-130,3,ALP-130_slide-03.png,True,True,True,True,True,APPROVED,,0
ALP-130,4,ALP-130_slide-04.png,True,True,True,True,True,APPROVED,,0
ALP-130,5,ALP-130_slide-05.png,True,True,True,True,True,APPROVED,,0
ALP-131,1,ALP-131_slide-01.png,True,True,True,True,True,APPROVED,,0
ALP-131,2,ALP-131_slide-02.png,True,True,True,True,True,APPROVED,,0
ALP-131,3,ALP-131_slide-03.png,True,True,True,True,True,APPROVED,,0
ALP-131,4,ALP-131_slide-04.png,True,True,True,True,True,APPROVED,,0
ALP-131,5,ALP-131_slide-05.png,True,True,True,True,True,APPROVED,,0
ALP-132,1,ALP-132_slide-01.png,True,True,True,True,True,APPROVED,,0
ALP-132,2,ALP-132_slide-02.png,True,True,True,True,True,APPROVED,,0
ALP-132,3,ALP-132_slide-03.png,True,True,True,True,True,APPROVED,,0
ALP-132,4,ALP-132_slide-04.png,True,True,True,True,True,APPROVED,,0
ALP-132,5,ALP-132_slide-05.png,True,True,True,True,True,APPROVED,,0
ALP-133,1,ALP-133_slide-01.png,True,True,True,True,True,APPROVED,,0
ALP-133,2,ALP-133_slide-02.png,True,True,True,True,True,APPROVED,,0
ALP-133,3,ALP-133_slide-03.png,True,True,True,True,True,APPROVED,,0
ALP-133,4,ALP-133_slide-04.png,True,True,True,True,True,APPROVED,,0
ALP-133,5,ALP-133_slide-05.png,True,True,True,True,True,APPROVED,,0
ALP-134,1,ALP-134_slide-01.png,True,True,True,True,True,APPROVED,,0
ALP-134,2,ALP-134_slide-02.png,True,True,True,True,True,APPROVED,,0
ALP-134,3,ALP-134_slide-03.png,True,True,True,True,True,APPROVED,,0
ALP-134,4,ALP-134_slide-04.png,True,True,True,True,True,APPROVED,,0
ALP-134,5,ALP-134_slide-05.png,True,True,True,True,True,APPROVED,,0
ALP-135,1,ALP-135_slide-01.png,True,True,True,True,True,APPROVED,,0
ALP-135,2,ALP-135_slide-02.png,True,True,True,True,True,APPROVED,,0
ALP-135,3,ALP-135_slide-03.png,True,True,True,True,True,APPROVED,,0
ALP-135,4,ALP-135_slide-04.png,True,True,True,True,True,APPROVED,,0
ALP-135,5,ALP-135_slide-05.png,True,True,True,True,True,APPROVED,,0
ALP-136,1,ALP-136_slide-01.png,True,True,True,True,True,APPROVED,,0
ALP-136,2,ALP-136_slide-02.png,True,True,True,True,True,APPROVED,,0
ALP-136,3,ALP-136_slide-03.png,True,True,True,True,True,APPROVED,,0
ALP-136,4,ALP-136_slide-04.png,True,True,True,True,True,APPROVED,,0
ALP-136,5,ALP-136_slide-05.png,True,True,True,True,True,APPROVED,,0
ALP-137,1,ALP-137_slide-01.png,True,True,True,True,True,APPROVED,,0
ALP-137,2,ALP-137_slide-02.png,True,True,True,True,True,APPROVED,,0
ALP-137,3,ALP-137_slide-03.png,True,True,True,True,True,APPROVED,,0
ALP-137,4,ALP-137_slide-04.png,True,True,True,True,True,APPROVED,,0
ALP-137,5,ALP-137_slide-05.png,True,True,True,True,True,APPROVED,,0
ALP-138,1,ALP-138_slide-01.png,True,True,True,True,True,APPROVED,,0
ALP-138,2,ALP-138_slide-02.png,True,True,True,True,True,APPROVED,,0
ALP-138,3,ALP-138_slide-03.png,True,True,True,True,True,APPROVED,,0
ALP-138,4,ALP-138_slide-04.png,True,True,True,True,True,APPROVED,,0
ALP-138,5,ALP-138_slide-05.png,True,True,True,True,True,APPROVED,,0
ALP-139,1,ALP-139_slide-01.png,True,True,True,True,True,APPROVED,,0
ALP-139,2,ALP-139_slide-02.png,True,True,True,True,True,APPROVED,,0
ALP-139,3,ALP-139_slide-03.png,True,True,True,True,True,APPROVED,,0
ALP-139,4,ALP-139_slide-04.png,True,True,True,True,True,APPROVED,,0
ALP-139,5,ALP-139_slide-05.png,True,True,True,True,True,APPROVED,,0
ALP-140,1,ALP-140_slide-01.png,True,True,True,True,True,APPROVED,,0
ALP-140,2,ALP-140_slide-02.png,True,True,True,True,True,APPROVED,,0
ALP-140,3,ALP-140_slide-03.png,True,True,True,True,True,APPROVED,,0
ALP-140,4,ALP-140_slide-04.png,True,True,True,True,True,APPROVED,,0
ALP-140,5,ALP-140_slide-05.png,True,True,True,True,True,APPROVED,,0
ALP-141,1,ALP-141_slide-01.png,True,True,True,True,True,APPROVED,,0
ALP-141,2,ALP-141_slide-02.png,True,True,True,True,True,APPROVED,,0
ALP-141,3,ALP-141_slide-03.png,True,True,True,True,True,APPROVED,,0
ALP-141,4,ALP-141_slide-04.png,True,True,True,True,True,APPROVED,,0
ALP-141,5,ALP-141_slide-05.png,True,True,True,True,True,APPROVED,,0
ALP-142,1,ALP-142_slide-01.png,True,True,True,True,True,APPROVED,,0
ALP-142,2,ALP-142_slide-02.png,True,True,True,True,True,APPROVED,,0
ALP-142,3,ALP-142_slide-03.png,True,True,True,True,True,APPROVED,,0
ALP-142,4,ALP-142_slide-04.png,True,True,True,True,True,APPROVED,,0
ALP-142,5,ALP-142_slide-05.png,True,True,True,True,True,APPROVED,,0
ALP-143,1,ALP-143_slide-01.png,True,True,True,True,True,APPROVED,,0
ALP-143,2,ALP-143_slide-02.png,True,True,True,True,True,APPROVED,,0
ALP-143,3,ALP-143_slide-03.png,True,True,True,True,True,APPROVED,,0
ALP-143,4,ALP-143_slide-04.png,True,True,True,True,True,APPROVED,,0
ALP-143,5,ALP-143_slide-05.png,True,True,True,True,True,APPROVED,,0
ALP-144,1,ALP-144_slide-01.png,True,True,True,True,True,APPROVED,,0
ALP-144,2,ALP-144_slide-02.png,True,True,True,True,True,APPROVED,,0
ALP-144,3,ALP-144_slide-03.png,True,True,True,True,True,APPROVED,,0
ALP-144,4,ALP-144_slide-04.png,True,True,True,True,True,APPROVED,,0
ALP-144,5,ALP-144_slide-05.png,True,True,True,True,True,APPROVED,,0
ALP-160,1,ALP-160_slide-01.png,True,True,True,True,True,APPROVED,,0
ALP-160,2,ALP-160_slide-02.png,True,True,True,True,True,APPROVED,,0
ALP-160,3,ALP-160_slide-03.png,True,True,True,True,True,APPROVED,,0
ALP-160,4,ALP-160_slide-04.png,True,True,True,True,True,APPROVED,,0
ALP-160,5,ALP-160_slide-05.png,True,True,True,True,True,APPROVED,,0
ALP-161,1,ALP-161_slide-01.png,True,True,True,True,True,APPROVED,,0
ALP-161,2,ALP-161_slide-02.png,True,True,True,True,True,APPROVED,,0
ALP-161,3,ALP-161_slide-03.png,True,True,True,True,True,APPROVED,,0
ALP-161,4,ALP-161_slide-04.png,True,True,True,True,True,APPROVED,,0
ALP-161,5,ALP-161_slide-05.png,True,True,True,True,True,APPROVED,,0
ALP-162,1,ALP-162_slide-01.png,True,True,True,True,True,APPROVED,,0
ALP-162,2,ALP-162_slide-02.png,True,True,True,True,True,APPROVED,,0
ALP-162,3,ALP-162_slide-03.png,True,True,True,True,True,APPROVED,,0
ALP-162,4,ALP-162_slide-04.png,True,True,True,True,True,APPROVED,,0
ALP-162,5,ALP-162_slide-05.png,True,True,True,True,True,APPROVED,,0
ALP-163,1,ALP-163_slide-01.png,True,True,True,True,True,APPROVED,,0
ALP-163,2,ALP-163_slide-02.png,True,True,True,True,True,APPROVED,,0
ALP-163,3,ALP-163_slide-03.png,True,True,True,True,True,APPROVED,,0
ALP-163,4,ALP-163_slide-04.png,True,True,True,True,True,APPROVED,,0
ALP-163,5,ALP-163_slide-05.png,True,True,True,True,True,APPROVED,,0
ALP-164,1,ALP-164_slide-01.png,True,True,True,True,True,APPROVED,,0
ALP-164,2,ALP-164_slide-02.png,True,True,True,True,True,APPROVED,,0
ALP-164,3,ALP-164_slide-03.png,True,True,True,True,True,APPROVED,,0
ALP-164,4,ALP-164_slide-04.png,True,True,True,True,True,APPROVED,,0
ALP-164,5,ALP-164_slide-05.png,True,True,True,True,True,APPROVED,,0
ALP-165,1,ALP-165_slide-01.png,True,True,True,True,True,APPROVED,,0
ALP-165,2,ALP-165_slide-02.png,True,True,True,True,True,APPROVED,,0
ALP-165,3,ALP-165_slide-03.png,True,True,True,True,True,APPROVED,,0
ALP-165,4,ALP-165_slide-04.png,True,True,True,True,True,APPROVED,,0
ALP-165,5,ALP-165_slide-05.png,True,True,True,True,True,APPROVED,,0
ALP-166,1,ALP-166_slide-01.png,True,True,True,True,True,APPROVED,,0
ALP-166,2,ALP-166_slide-02.png,True,True,True,True,True,APPROVED,,0
ALP-166,3,ALP-166_slide-03.png,True,True,True,True,True,APPROVED,,0
ALP-166,4,ALP-166_slide-04.png,True,True,True,True,True,APPROVED,,0
ALP-166,5,ALP-166_slide-05.png,True,True,True,True,True,APPROVED,,0
ALP-167,1,ALP-167_slide-01.png,True,True,True,True,True,APPROVED,,0
ALP-167,2,ALP-167_slide-02.png,True,True,True,True,True,APPROVED,,0
ALP-167,3,ALP-167_slide-03.png,True,True,True,True,True,APPROVED,,0
ALP-167,4,ALP-167_slide-04.png,True,True,True,True,True,APPROVED,,0
ALP-167,5,ALP-167_slide-05.png,True,True,True,True,True,APPROVED,,0
ALP-168,1,ALP-168_slide-01.png,True,True,True,True,True,APPROVED,,0
ALP-168,2,ALP-168_slide-02.png,True,True,True,True,True,APPROVED,,0
ALP-168,3,ALP-168_slide-03.png,True,True,True,True,True,APPROVED,,0
ALP-168,4,ALP-168_slide-04.png,True,True,True,True,True,APPROVED,,0
ALP-168,5,ALP-168_slide-05.png,True,True,True,True,True,APPROVED,,0
ALP-169,1,ALP-169_slide-01.png,True,True,True,True,True,APPROVED,,0
ALP-169,2,ALP-169_slide-02.png,True,True,True,True,True,APPROVED,,0
ALP-169,3,ALP-169_slide-03.png,True,True,True,True,True,APPROVED,,0
ALP-169,4,ALP-169_slide-04.png,True,True,True,True,True,APPROVED,,0
ALP-169,5,ALP-169_slide-05.png,True,True,True,True,True,APPROVED,,0
ALP-170,1,ALP-170_slide-01.png,True,True,True,True,True,APPROVED,,0
ALP-170,2,ALP-170_slide-02.png,True,True,True,True,True,APPROVED,,0
ALP-170,3,ALP-170_slide-03.png,True,True,True,True,True,APPROVED,,0
ALP-170,4,ALP-170_slide-04.png,True,True,True,True,True,APPROVED,,0
ALP-170,5,ALP-170_slide-05.png,True,True,True,True,True,APPROVED,,0
ALP-171,1,ALP-171_slide-01.png,True,True,True,True,True,APPROVED,,0
ALP-171,2,ALP-171_slide-02.png,True,True,True,True,True,APPROVED,,0
ALP-171,3,ALP-171_slide-03.png,True,True,True,True,True,APPROVED,,0
ALP-171,4,ALP-171_slide-04.png,True,True,True,True,True,APPROVED,,0
ALP-171,5,ALP-171_slide-05.png,True,True,True,True,True,APPROVED,,0
ALP-172,1,ALP-172_slide-01.png,True,True,True,True,True,APPROVED,,0
ALP-172,2,ALP-172_slide-02.png,True,True,True,True,True,APPROVED,,0
ALP-172,3,ALP-172_slide-03.png,True,True,True,True,True,APPROVED,,0
ALP-172,4,ALP-172_slide-04.png,True,True,True,True,True,APPROVED,,0
ALP-172,5,ALP-172_slide-05.png,True,True,True,True,True,APPROVED,,0
ALP-173,1,ALP-173_slide-01.png,True,True,True,True,True,APPROVED,,0
ALP-173,2,ALP-173_slide-02.png,True,True,True,True,True,APPROVED,,0
ALP-173,3,ALP-173_slide-03.png,True,True,True,True,True,APPROVED,,0
ALP-173,4,ALP-173_slide-04.png,True,True,True,True,True,APPROVED,,0
ALP-173,5,ALP-173_slide-05.png,True,True,True,True,True,APPROVED,,0
ALP-174,1,ALP-174_slide-01.png,True,True,True,True,True,APPROVED,,0
ALP-174,2,ALP-174_slide-02.png,True,True,True,True,True,APPROVED,,0
ALP-174,3,ALP-174_slide-03.png,True,True,True,True,True,APPROVED,,0
ALP-174,4,ALP-174_slide-04.png,True,True,True,True,True,APPROVED,,0
ALP-174,5,ALP-174_slide-05.png,True,True,True,True,True,APPROVED,,0
ALP-145,1,ALP-145_slide-01.png,True,True,True,True,True,APPROVED,,0
ALP-145,2,ALP-145_slide-02.png,True,True,True,True,True,APPROVED,,0
ALP-145,3,ALP-145_slide-03.png,True,True,True,True,True,APPROVED,,0
ALP-145,4,ALP-145_slide-04.png,True,True,True,True,True,APPROVED,,0
ALP-145,5,ALP-145_slide-05.png,True,True,True,True,True,APPROVED,,0
ALP-146,1,ALP-146_slide-01.png,True,True,True,True,True,APPROVED,,0
ALP-146,2,ALP-146_slide-02.png,True,True,True,True,True,APPROVED,,0
ALP-146,3,ALP-146_slide-03.png,True,True,True,True,True,APPROVED,,0
ALP-146,4,ALP-146_slide-04.png,True,True,True,True,True,APPROVED,,0
ALP-146,5,ALP-146_slide-05.png,True,True,True,True,True,APPROVED,,0
ALP-147,1,ALP-147_slide-01.png,True,True,True,True,True,APPROVED,,0
ALP-147,2,ALP-147_slide-02.png,True,True,True,True,True,APPROVED,,0
ALP-147,3,ALP-147_slide-03.png,True,True,True,True,True,APPROVED,,0
ALP-147,4,ALP-147_slide-04.png,True,True,True,True,True,APPROVED,,0
ALP-147,5,ALP-147_slide-05.png,True,True,True,True,True,APPROVED,,0
ALP-148,1,ALP-148_slide-01.png,True,True,True,True,True,APPROVED,,0
ALP-148,2,ALP-148_slide-02.png,True,True,True,True,True,APPROVED,,0
ALP-148,3,ALP-148_slide-03.png,True,True,True,True,True,APPROVED,,0
ALP-148,4,ALP-148_slide-04.png,True,True,True,True,True,APPROVED,,0
ALP-148,5,ALP-148_slide-05.png,True,True,True,True,True,APPROVED,,0
ALP-149,1,ALP-149_slide-01.png,True,True,True,True,True,APPROVED,,0
ALP-149,2,ALP-149_slide-02.png,True,True,True,True,True,APPROVED,,0
ALP-149,3,ALP-149_slide-03.png,True,True,True,True,True,APPROVED,,0
ALP-149,4,ALP-149_slide-04.png,True,True,True,True,True,APPROVED,,0
ALP-149,5,ALP-149_slide-05.png,True,True,True,True,True,APPROVED,,0
ALP-150,1,ALP-150_slide-01.png,True,True,True,True,True,APPROVED,,0
ALP-150,2,ALP-150_slide-02.png,True,True,True,True,True,APPROVED,,0
ALP-150,3,ALP-150_slide-03.png,True,True,True,True,True,APPROVED,,0
ALP-150,4,ALP-150_slide-04.png,True,True,True,True,True,APPROVED,,0
ALP-150,5,ALP-150_slide-05.png,True,True,True,True,True,APPROVED,,0
ALP-151,1,ALP-151_slide-01.png,True,True,True,True,True,APPROVED,,0
ALP-151,2,ALP-151_slide-02.png,True,True,True,True,True,APPROVED,,0
ALP-151,3,ALP-151_slide-03.png,True,True,True,True,True,APPROVED,,0
ALP-151,4,ALP-151_slide-04.png,True,True,True,True,True,APPROVED,,0
ALP-151,5,ALP-151_slide-05.png,True,True,True,True,True,APPROVED,,0
ALP-152,1,ALP-152_slide-01.png,True,True,True,True,True,APPROVED,,0
ALP-152,2,ALP-152_slide-02.png,True,True,True,True,True,APPROVED,,0
ALP-152,3,ALP-152_slide-03.png,True,True,True,True,True,APPROVED,,0
ALP-152,4,ALP-152_slide-04.png,True,True,True,True,True,APPROVED,,0
ALP-152,5,ALP-152_slide-05.png,True,True,True,True,True,APPROVED,,0
ALP-153,1,ALP-153_slide-01.png,True,True,True,True,True,APPROVED,,0
ALP-153,2,ALP-153_slide-02.png,True,True,True,True,True,APPROVED,,0
ALP-153,3,ALP-153_slide-03.png,True,True,True,True,True,APPROVED,,0
ALP-153,4,ALP-153_slide-04.png,True,True,True,True,True,APPROVED,,0
ALP-153,5,ALP-153_slide-05.png,True,True,True,True,True,APPROVED,,0
ALP-154,1,ALP-154_slide-01.png,True,True,True,True,True,APPROVED,,0
ALP-154,2,ALP-154_slide-02.png,True,True,True,True,True,APPROVED,,0
ALP-154,3,ALP-154_slide-03.png,True,True,True,True,True,APPROVED,,0
ALP-154,4,ALP-154_slide-04.png,True,True,True,True,True,APPROVED,,0
ALP-154,5,ALP-154_slide-05.png,True,True,True,True,True,APPROVED,,0
ALP-155,1,ALP-155_slide-01.png,True,True,True,True,True,APPROVED,,0
ALP-155,2,ALP-155_slide-02.png,True,True,True,True,True,APPROVED,,0
ALP-155,3,ALP-155_slide-03.png,True,True,True,True,True,APPROVED,,0
ALP-155,4,ALP-155_slide-04.png,True,True,True,True,True,APPROVED,,0
ALP-155,5,ALP-155_slide-05.png,True,True,True,True,True,APPROVED,,0
ALP-156,1,ALP-156_slide-01.png,True,True,True,True,True,APPROVED,,0
ALP-156,2,ALP-156_slide-02.png,True,True,True,True,True,APPROVED,,0
ALP-156,3,ALP-156_slide-03.png,True,True,True,True,True,APPROVED,,0
ALP-156,4,ALP-156_slide-04.png,True,True,True,True,True,APPROVED,,0
ALP-156,5,ALP-156_slide-05.png,True,True,True,True,True,APPROVED,,0
ALP-157,1,ALP-157_slide-01.png,True,True,True,True,True,APPROVED,,0
ALP-157,2,ALP-157_slide-02.png,True,True,True,True,True,APPROVED,,0
ALP-157,3,ALP-157_slide-03.png,True,True,True,True,True,APPROVED,,0
ALP-157,4,ALP-157_slide-04.png,True,True,True,True,True,APPROVED,,0
ALP-157,5,ALP-157_slide-05.png,True,True,True,True,True,APPROVED,,0
ALP-158,1,ALP-158_slide-01.png,True,True,True,True,True,APPROVED,,0
ALP-158,2,ALP-158_slide-02.png,True,True,True,True,True,APPROVED,,0
ALP-158,3,ALP-158_slide-03.png,True,True,True,True,True,APPROVED,,0
ALP-158,4,ALP-158_slide-04.png,True,True,True,True,True,APPROVED,,0
ALP-158,5,ALP-158_slide-05.png,True,True,True,True,True,APPROVED,,0
ALP-159,1,ALP-159_slide-01.png,True,True,True,True,True,APPROVED,,0
ALP-159,2,ALP-159_slide-02.png,True,True,True,True,True,APPROVED,,0
ALP-159,3,ALP-159_slide-03.png,True,True,True,True,True,APPROVED,,0
ALP-159,4,ALP-159_slide-04.png,True,True,True,True,True,APPROVED,,0
ALP-159,5,ALP-159_slide-05.png,True,True,True,True,True,APPROVED,,0
ALP-175,1,ALP-175_slide-01.png,True,True,True,True,True,APPROVED,,0
ALP-175,2,ALP-175_slide-02.png,True,True,True,True,True,APPROVED,,0
ALP-175,3,ALP-175_slide-03.png,True,True,True,True,True,APPROVED,,0
ALP-175,4,ALP-175_slide-04.png,True,True,True,True,True,APPROVED,,0
ALP-175,5,ALP-175_slide-05.png,True,True,True,True,True,APPROVED,,0
ALP-176,1,ALP-176_slide-01.png,True,True,True,True,True,APPROVED,,0
ALP-176,2,ALP-176_slide-02.png,True,True,True,True,True,APPROVED,,0
ALP-176,3,ALP-176_slide-03.png,True,True,True,True,True,APPROVED,,0
ALP-176,4,ALP-176_slide-04.png,True,True,True,True,True,APPROVED,,0
ALP-176,5,ALP-176_slide-05.png,True,True,True,True,True,APPROVED,,0
ALP-177,1,ALP-177_slide-01.png,True,True,True,True,True,APPROVED,,0
ALP-177,2,ALP-177_slide-02.png,True,True,True,True,True,APPROVED,,0
ALP-177,3,ALP-177_slide-03.png,True,True,True,True,True,APPROVED,,0
ALP-177,4,ALP-177_slide-04.png,True,True,True,True,True,APPROVED,,0
ALP-177,5,ALP-177_slide-05.png,True,True,True,True,True,APPROVED,,0
ALP-178,1,ALP-178_slide-01.png,True,True,True,True,True,APPROVED,,0
ALP-178,2,ALP-178_slide-02.png,True,True,True,True,True,APPROVED,,0
ALP-178,3,ALP-178_slide-03.png,True,True,True,True,True,APPROVED,,0
ALP-178,4,ALP-178_slide-04.png,True,True,True,True,True,APPROVED,,0
ALP-178,5,ALP-178_slide-05.png,True,True,True,True,True,APPROVED,,0
ALP-179,1,ALP-179_slide-01.png,True,True,True,True,True,APPROVED,,0
ALP-179,2,ALP-179_slide-02.png,True,True,True,True,True,APPROVED,,0
ALP-179,3,ALP-179_slide-03.png,True,True,True,True,True,APPROVED,,0
ALP-179,4,ALP-179_slide-04.png,True,True,True,True,True,APPROVED,,0
ALP-179,5,ALP-179_slide-05.png,True,True,True,True,True,APPROVED,,0
ALP-180,1,ALP-180_slide-01.png,True,True,True,True,True,APPROVED,,0
ALP-180,2,ALP-180_slide-02.png,True,True,True,True,True,APPROVED,,0
ALP-180,3,ALP-180_slide-03.png,True,True,True,True,True,APPROVED,,0
ALP-180,4,ALP-180_slide-04.png,True,True,True,True,True,APPROVED,,0
ALP-180,5,ALP-180_slide-05.png,True,True,True,True,True,APPROVED,,0
ALP-181,1,ALP-181_slide-01.png,True,True,True,True,True,APPROVED,,0
ALP-181,2,ALP-181_slide-02.png,True,True,True,True,True,APPROVED,,0
ALP-181,3,ALP-181_slide-03.png,True,True,True,True,True,APPROVED,,0
ALP-181,4,ALP-181_slide-04.png,True,True,True,True,True,APPROVED,,0
ALP-181,5,ALP-181_slide-05.png,True,True,True,True,True,APPROVED,,0
ALP-182,1,ALP-182_slide-01.png,True,True,True,True,True,APPROVED,,0
ALP-182,2,ALP-182_slide-02.png,True,True,True,True,True,APPROVED,,0
ALP-182,3,ALP-182_slide-03.png,True,True,True,True,True,APPROVED,,0
ALP-182,4,ALP-182_slide-04.png,True,True,True,True,True,APPROVED,,0
ALP-182,5,ALP-182_slide-05.png,True,True,True,True,True,APPROVED,,0
ALP-183,1,ALP-183_slide-01.png,True,True,True,True,True,APPROVED,,0
ALP-183,2,ALP-183_slide-02.png,True,True,True,True,True,APPROVED,,0
ALP-183,3,ALP-183_slide-03.png,True,True,True,True,True,APPROVED,,0
ALP-183,4,ALP-183_slide-04.png,True,True,True,True,True,APPROVED,,0
ALP-183,5,ALP-183_slide-05.png,True,True,True,True,True,APPROVED,,0
ALP-184,1,ALP-184_slide-01.png,True,True,True,True,True,APPROVED,,0
ALP-184,2,ALP-184_slide-02.png,True,True,True,True,True,APPROVED,,0
ALP-184,3,ALP-184_slide-03.png,True,True,True,True,True,APPROVED,,0
ALP-184,4,ALP-184_slide-04.png,True,True,True,True,True,APPROVED,,0
ALP-184,5,ALP-184_slide-05.png,True,True,True,True,True,APPROVED,,0
ALP-185,1,ALP-185_slide-01.png,True,True,True,True,True,APPROVED,,0
ALP-185,2,ALP-185_slide-02.png,True,True,True,True,True,APPROVED,,0
ALP-185,3,ALP-185_slide-03.png,True,True,True,True,True,APPROVED,,0
ALP-185,4,ALP-185_slide-04.png,True,True,True,True,True,APPROVED,,0
ALP-185,5,ALP-185_slide-05.png,True,True,True,True,True,APPROVED,,0
ALP-186,1,ALP-186_slide-01.png,True,True,True,True,True,APPROVED,,0
ALP-186,2,ALP-186_slide-02.png,True,True,True,True,True,APPROVED,,0
ALP-186,3,ALP-186_slide-03.png,True,True,True,True,True,APPROVED,,0
ALP-186,4,ALP-186_slide-04.png,True,True,True,True,True,APPROVED,,0
ALP-186,5,ALP-186_slide-05.png,True,True,True,True,True,APPROVED,,0
ALP-187,1,ALP-187_slide-01.png,True,True,True,True,True,APPROVED,,0
ALP-187,2,ALP-187_slide-02.png,True,True,True,True,True,APPROVED,,0
ALP-187,3,ALP-187_slide-03.png,True,True,True,True,True,APPROVED,,0
ALP-187,4,ALP-187_slide-04.png,True,True,True,True,True,APPROVED,,0
ALP-187,5,ALP-187_slide-05.png,True,True,True,True,True,APPROVED,,0
ALP-188,1,ALP-188_slide-01.png,True,True,True,True,True,APPROVED,,0
ALP-188,2,ALP-188_slide-02.png,True,True,True,True,True,APPROVED,,0
ALP-188,3,ALP-188_slide-03.png,True,True,True,True,True,APPROVED,,0
ALP-188,4,ALP-188_slide-04.png,True,True,True,True,True,APPROVED,,0
ALP-188,5,ALP-188_slide-05.png,True,True,True,True,True,APPROVED,,0
ALP-189,1,ALP-189_slide-01.png,True,True,True,True,True,APPROVED,,0
ALP-189,2,ALP-189_slide-02.png,True,True,True,True,True,APPROVED,,0
ALP-189,3,ALP-189_slide-03.png,True,True,True,True,True,APPROVED,,0
ALP-189,4,ALP-189_slide-04.png,True,True,True,True,True,APPROVED,,0
ALP-189,5,ALP-189_slide-05.png,True,True,True,True,True,APPROVED,,0
ALP-190,1,ALP-190_slide-01.png,True,True,True,True,True,APPROVED,,0
ALP-190,2,ALP-190_slide-02.png,True,True,True,True,True,APPROVED,,0
ALP-190,3,ALP-190_slide-03.png,True,True,True,True,True,APPROVED,,0
ALP-190,4,ALP-190_slide-04.png,True,True,True,True,True,APPROVED,,0
ALP-190,5,ALP-190_slide-05.png,True,True,True,True,True,APPROVED,,0
ALP-191,1,ALP-191_slide-01.png,True,True,True,True,True,APPROVED,,0
ALP-191,2,ALP-191_slide-02.png,True,True,True,True,True,APPROVED,,0
ALP-191,3,ALP-191_slide-03.png,True,True,True,True,True,APPROVED,,0
ALP-191,4,ALP-191_slide-04.png,True,True,True,True,True,APPROVED,,0
ALP-191,5,ALP-191_slide-05.png,True,True,True,True,True,APPROVED,,0
ALP-192,1,ALP-192_slide-01.png,True,True,True,True,True,APPROVED,,0
ALP-192,2,ALP-192_slide-02.png,True,True,True,True,True,APPROVED,,0
ALP-192,3,ALP-192_slide-03.png,True,True,True,True,True,APPROVED,,0
ALP-192,4,ALP-192_slide-04.png,True,True,True,True,True,APPROVED,,0
ALP-192,5,ALP-192_slide-05.png,True,True,True,True,True,APPROVED,,0
ALP-193,1,ALP-193_slide-01.png,True,True,True,True,True,APPROVED,,0
ALP-193,2,ALP-193_slide-02.png,True,True,True,True,True,APPROVED,,0
ALP-193,3,ALP-193_slide-03.png,True,True,True,True,True,APPROVED,,0
ALP-193,4,ALP-193_slide-04.png,True,True,True,True,True,APPROVED,,0
ALP-193,5,ALP-193_slide-05.png,True,True,True,True,True,APPROVED,,0
ALP-194,1,ALP-194_slide-01.png,True,True,True,True,True,APPROVED,,0
ALP-194,2,ALP-194_slide-02.png,True,True,True,True,True,APPROVED,,0
ALP-194,3,ALP-194_slide-03.png,True,True,True,True,True,APPROVED,,0
ALP-194,4,ALP-194_slide-04.png,True,True,True,True,True,APPROVED,,0
ALP-194,5,ALP-194_slide-05.png,True,True,True,True,True,APPROVED,,0
ALP-195,1,ALP-195_slide-01.png,True,True,True,True,True,APPROVED,,0
ALP-195,2,ALP-195_slide-02.png,True,True,True,True,True,APPROVED,,0
ALP-195,3,ALP-195_slide-03.png,True,True,True,True,True,APPROVED,,0
ALP-195,4,ALP-195_slide-04.png,True,True,True,True,True,APPROVED,,0
ALP-195,5,ALP-195_slide-05.png,True,True,True,True,True,APPROVED,,0
ALP-196,1,ALP-196_slide-01.png,True,True,True,True,True,APPROVED,,0
ALP-196,2,ALP-196_slide-02.png,True,True,True,True,True,APPROVED,,0
ALP-196,3,ALP-196_slide-03.png,True,True,True,True,True,APPROVED,,0
ALP-196,4,ALP-196_slide-04.png,True,True,True,True,True,APPROVED,,0
ALP-196,5,ALP-196_slide-05.png,True,True,True,True,True,APPROVED,,0
ALP-197,1,ALP-197_slide-01.png,True,True,True,True,True,APPROVED,,0
ALP-197,2,ALP-197_slide-02.png,True,True,True,True,True,APPROVED,,0
ALP-197,3,ALP-197_slide-03.png,True,True,True,True,True,APPROVED,,0
ALP-197,4,ALP-197_slide-04.png,True,True,True,True,True,APPROVED,,0
ALP-197,5,ALP-197_slide-05.png,True,True,True,True,True,APPROVED,,0
ALP-198,1,ALP-198_slide-01.png,True,True,True,True,True,APPROVED,,0
ALP-198,2,ALP-198_slide-02.png,True,True,True,True,True,APPROVED,,0
ALP-198,3,ALP-198_slide-03.png,True,True,True,True,True,APPROVED,,0
ALP-198,4,ALP-198_slide-04.png,True,True,True,True,True,APPROVED,,0
ALP-198,5,ALP-198_slide-05.png,True,True,True,True,True,APPROVED,,0
ALP-199,1,ALP-199_slide-01.png,True,True,True,True,True,APPROVED,,0
ALP-199,2,ALP-199_slide-02.png,True,True,True,True,True,APPROVED,,0
ALP-199,3,ALP-199_slide-03.png,True,True,True,True,True,APPROVED,,0
ALP-199,4,ALP-199_slide-04.png,True,True,True,True,True,APPROVED,,0
ALP-199,5,ALP-199_slide-05.png,True,True,True,True,True,APPROVED,,0
ALP-200,1,ALP-200_slide-01.png,True,True,True,True,True,APPROVED,,0
ALP-200,2,ALP-200_slide-02.png,True,True,True,True,True,APPROVED,,0
ALP-200,3,ALP-200_slide-03.png,True,True,True,True,True,APPROVED,,0
ALP-200,4,ALP-200_slide-04.png,True,True,True,True,True,APPROVED,,0
ALP-200,5,ALP-200_slide-05.png,True,True,True,True,True,APPROVED,,0
