post_id,slug,topic,category,primary_finance_product,audience,awareness_stage,objective,website_source,suggested_filename,image_disclaimer
ALP-001,business-line-of-credit,Business Line of Credit,Core Product,Business Line of Credit,Established Australian business owners; Seasonal businesses; Growing SMEs managing uneven cash flow,problem-aware,"Explain how a business line of credit gives businesses flexible, on-demand access to working capital without reapplying each time.",https://www.ascendlendingpartners.com.au/products/business-line-of-credit.html,ALP-001_business-line-of-credit,General information only. Credit subject to lender assessment and approval criteria.
ALP-002,equipment-finance,Equipment Finance,Specialist Finance,Equipment Finance,Tradies; Construction businesses; Transport and logistics operators; Medical and healthcare practices; Manufacturers,solution-aware,"Explain how equipment finance lets businesses acquire machinery, vehicles or technology without depleting working capital.",https://www.ascendlendingpartners.com.au/products/equipment-finance.html,ALP-002_equipment-finance,General information only. Credit subject to lender assessment and approval criteria.
ALP-003,invoice-finance,Invoice Finance,Cash Flow and Working Capital,Invoice Finance,B2B service businesses; Businesses with 30-90 day payment terms; Rapidly growing companies; Government contractors,problem-aware,Explain how invoice finance converts unpaid invoices into accessible working capital without creating new debt.,https://www.ascendlendingpartners.com.au/products/invoice-finance.html,ALP-003_invoice-finance,General information only. Credit subject to lender assessment and approval criteria.
ALP-004,business-loans,Business Loans,Core Product,Business Loans,Australian business owners; Growing businesses; Businesses planning expansion or acquisition,solution-aware,Explain how a business loan can be structured around a business's specific purpose rather than a one-size-fits-all product.,https://www.ascendlendingpartners.com.au/products/business-loans.html,ALP-004_business-loans,General information only. Credit subject to lender assessment and approval criteria.
ALP-005,small-business-loans,Small Business Loans,Core Product,Small Business Loans,"Small business owners; Retail, hospitality and trade businesses; Professional services firms",problem-aware,Explain how small business loans are sized and structured for smaller-scale operations.,https://www.ascendlendingpartners.com.au/products/small-business-loans.html,ALP-005_small-business-loans,General information only. Credit subject to lender assessment and approval criteria.
ALP-006,unsecured-business-loans,Unsecured Business Loans,Core Product,Unsecured Business Loans,Business owners without property security; Renters and lessees; Fast-growth service businesses,problem-aware,Explain how unsecured business loans are assessed on business performance rather than property or asset security.,https://www.ascendlendingpartners.com.au/products/unsecured-business-loans.html,ALP-006_unsecured-business-loans,General information only. Credit subject to lender assessment and approval criteria.
ALP-007,secured-business-loans,Secured Business Loans,Core Product,Secured Business Loans,Property and asset-owning business owners; Businesses planning major capital investment; Established businesses needing larger facilities,solution-aware,"Explain how offering business assets as security can support larger, longer-term finance structures.",https://www.ascendlendingpartners.com.au/products/secured-business-loans.html,ALP-007_secured-business-loans,General information only. Credit subject to lender assessment and approval criteria.
ALP-008,low-doc-business-loans,Low Doc Business Loans,Core Product,Low Doc Business Loans,Self-employed professionals; Sole traders and contractors; Newer ABN holders,problem-aware,"Explain that low doc lending reduces paperwork but still requires evidence of income, correcting the common myth that it means no documents at all.",https://www.ascendlendingpartners.com.au/products/low-doc-loans.html,ALP-008_low-doc-business-loans,General information only. Credit subject to lender assessment and approval criteria.
ALP-009,full-doc-business-loans,Full Doc Business Loans,Core Product,Full Doc Business Loans,Established businesses with strong financials; Businesses seeking larger facilities; Businesses wanting the sharpest available pricing,solution-aware,Explain how complete financial documentation can support stronger loan terms and larger facilities.,https://www.ascendlendingpartners.com.au/products/high-doc-loans.html,ALP-009_full-doc-business-loans,General information only. Credit subject to lender assessment and approval criteria.
ALP-010,cashflow-loans,Cashflow Loans,Cash Flow and Working Capital,Cashflow Loans,Seasonal businesses; Businesses awaiting client payments; Rapidly growing SMEs,problem-aware,Explain how a cashflow loan bridges short-term timing gaps between expenses and incoming revenue.,https://www.ascendlendingpartners.com.au/products/cashflow-loans.html,ALP-010_cashflow-loans,General information only. Credit subject to lender assessment and approval criteria.
ALP-011,working-capital-loans,Working Capital Loans,Cash Flow and Working Capital,Working Capital Loans,Stock-heavy retailers; Payroll-dependent businesses; Businesses in a growth phase,problem-aware,Explain how working capital loans fund day-to-day operations rather than a specific asset purchase.,https://www.ascendlendingpartners.com.au/products/working-capital-loans.html,ALP-011_working-capital-loans,General information only. Credit subject to lender assessment and approval criteria.
ALP-012,trade-finance,Trade Finance,Specialist Finance,Trade Finance,Importers and exporters; Wholesalers; Businesses trading with overseas suppliers,solution-aware,Explain how trade finance funds the gap between paying suppliers and receiving customer payment.,https://www.ascendlendingpartners.com.au/products/trade-finance.html,ALP-012_trade-finance,General information only. Credit subject to lender assessment and approval criteria.
ALP-013,ato-tax-debt-finance,ATO Tax Debt Finance,Specialist Finance,ATO Tax Debt Finance,Businesses with outstanding ATO debt; Businesses facing ATO payment arrangements; Directors managing tax compliance risk,problem-aware,"Explain how ATO tax debt finance restructures outstanding tax debt into a commercial loan, without implying the underlying tax obligation disappears.",https://www.ascendlendingpartners.com.au/products/ato-tax-debt-loans.html,ALP-013_ato-tax-debt-finance,General information only. Credit subject to lender assessment and approval criteria.
ALP-014,short-term-business-loans,Short-Term Business Loans,Specialist Finance,Short-Term Business Loans,Businesses with a defined exit event; Businesses bridging a property settlement; Businesses funding a time-limited opportunity,solution-aware,"Explain how short-term business loans suit situations with a clear, time-bound repayment event.",https://www.ascendlendingpartners.com.au/products/short-term-business-loans.html,ALP-014_short-term-business-loans,General information only. Credit subject to lender assessment and approval criteria.
ALP-015,secured-vs-unsecured-business-loans,Secured vs Unsecured Business Loans,Product Comparison,Secured vs Unsecured Business Loans,Business owners weighing security options; Growing businesses; Property and asset owners,consideration,Help business owners understand the practical trade-offs between offering security and borrowing unsecured.,https://www.ascendlendingpartners.com.au/products/secured-business-loans.html,ALP-015_secured-vs-unsecured-business-loans,General information only. Credit subject to lender assessment and approval criteria.
ALP-016,low-doc-vs-full-doc-business-loans,Low Doc vs Full Doc Business Loans,Product Comparison,Low Doc vs Full Doc Business Loans,Self-employed business owners; Established businesses with strong financials; Businesses deciding how to document income,consideration,Help business owners understand when reduced documentation suits versus when full financials unlock better terms.,https://www.ascendlendingpartners.com.au/products/low-doc-loans.html,ALP-016_low-doc-vs-full-doc-business-loans,General information only. Credit subject to lender assessment and approval criteria.
ALP-017,business-loan-vs-line-of-credit,Business Loan vs Line of Credit,Product Comparison,Business Loan vs Line of Credit,Business owners choosing a funding structure; Growing businesses; Businesses with variable capital needs,consideration,Help business owners understand when a lump-sum loan suits versus an on-demand revolving facility.,https://www.ascendlendingpartners.com.au/products/business-line-of-credit.html,ALP-017_business-loan-vs-line-of-credit,General information only. Credit subject to lender assessment and approval criteria.
ALP-018,cashflow-loan-vs-working-capital-loan,Cashflow Loan vs Working Capital Loan,Product Comparison,Cashflow Loan vs Working Capital Loan,Businesses managing timing gaps; Businesses funding day-to-day operations; Growing SMEs,consideration,Help business owners distinguish short-term timing finance from ongoing operational funding.,https://www.ascendlendingpartners.com.au/products/cashflow-loans.html,ALP-018_cashflow-loan-vs-working-capital-loan,General information only. Credit subject to lender assessment and approval criteria.
ALP-019,invoice-finance-vs-business-loan,Invoice Finance vs Business Loan,Product Comparison,Invoice Finance vs Business Loan,B2B service businesses; Businesses with outstanding receivables; Businesses weighing new debt vs existing revenue,consideration,Help business owners understand the difference between borrowing against future income and advancing revenue already earned.,https://www.ascendlendingpartners.com.au/products/invoice-finance.html,ALP-019_invoice-finance-vs-business-loan,General information only. Credit subject to lender assessment and approval criteria.
ALP-020,equipment-finance-vs-paying-cash,Equipment Finance vs Paying Cash,Product Comparison,Equipment Finance vs Paying Cash,Businesses buying equipment or vehicles; Tradies and construction businesses; Manufacturers,consideration,Help business owners weigh financing new equipment against paying for it outright.,https://www.ascendlendingpartners.com.au/products/equipment-finance.html,ALP-020_equipment-finance-vs-paying-cash,General information only. Credit subject to lender assessment and approval criteria.
ALP-021,asset-finance-vs-business-loan,Asset Finance vs Business Loan,Product Comparison,Asset Finance vs Business Loan,Businesses acquiring vehicles or machinery; Growing operational businesses; Businesses comparing funding structures,consideration,Help business owners understand when asset-specific finance suits better than a general business loan.,https://www.ascendlendingpartners.com.au/products/equipment-finance.html,ALP-021_asset-finance-vs-business-loan,General information only. Credit subject to lender assessment and approval criteria.
ALP-022,line-of-credit-vs-business-credit-card,Line of Credit vs Business Credit Card,Product Comparison,Line of Credit vs Business Credit Card,Businesses managing everyday spending; Growing SMEs; Businesses comparing revolving facilities,consideration,Help business owners compare a business line of credit against a business credit card for everyday flexible spending.,https://www.ascendlendingpartners.com.au/products/business-line-of-credit.html,ALP-022_line-of-credit-vs-business-credit-card,General information only. Credit subject to lender assessment and approval criteria.
ALP-023,short-term-vs-long-term-business-finance,Short-Term vs Long-Term Business Finance,Product Comparison,Short-Term vs Long-Term Business Finance,Businesses choosing a facility term; Businesses with a defined exit event; Businesses planning multi-year investment,consideration,Help business owners understand when a short-term facility suits versus a longer-term commitment.,https://www.ascendlendingpartners.com.au/products/short-term-business-loans.html,ALP-023_short-term-vs-long-term-business-finance,General information only. Credit subject to lender assessment and approval criteria.
ALP-024,bank-vs-non-bank-business-lending,Bank vs Non-Bank Business Lending,Product Comparison,Bank vs Non-Bank Business Lending,Business owners exploring lender options; Businesses declined by a major bank; Businesses comparing lending panels,consideration,Help business owners understand the practical differences between major bank lending and non-bank commercial lenders.,https://www.ascendlendingpartners.com.au/products/business-loans.html,ALP-024_bank-vs-non-bank-business-lending,General information only. Credit subject to lender assessment and approval criteria.
ALP-025,fixed-vs-variable-business-finance,Fixed vs Variable Business Finance,Product Comparison,Fixed vs Variable Business Finance,Businesses choosing a rate structure; Growing businesses planning cash flow; Businesses sensitive to rate changes,consideration,Help business owners understand the practical trade-offs between fixed and variable rate structures.,https://www.ascendlendingpartners.com.au/products/business-loans.html,ALP-025_fixed-vs-variable-business-finance,General information only. Credit subject to lender assessment and approval criteria.
ALP-026,principal-and-interest-vs-interest-only,Principal and Interest vs Interest Only,Product Comparison,Principal and Interest vs Interest Only,Businesses structuring loan repayments; Growing businesses managing cash flow; Businesses planning around a future capital event,consideration,Help business owners understand the trade-offs between paying down principal from day one versus an interest-only period.,https://www.ascendlendingpartners.com.au/products/business-loans.html,ALP-026_principal-and-interest-vs-interest-only,General information only. Credit subject to lender assessment and approval criteria.
ALP-027,invoice-finance-vs-overdraft,Invoice Finance vs Overdraft,Product Comparison,Invoice Finance vs Overdraft,B2B businesses with outstanding invoices; Businesses using a bank overdraft; Growing businesses outgrowing existing facilities,consideration,Help business owners compare invoice finance against a traditional bank overdraft for managing cash-flow gaps.,https://www.ascendlendingpartners.com.au/products/invoice-finance.html,ALP-027_invoice-finance-vs-overdraft,General information only. Credit subject to lender assessment and approval criteria.
ALP-028,trade-finance-vs-working-capital-finance,Trade Finance vs Working Capital Finance,Product Comparison,Trade Finance vs Working Capital Finance,Importers and exporters; Wholesalers; Businesses funding supplier payments vs general operations,consideration,Help business owners distinguish trade-specific finance from general working capital finance.,https://www.ascendlendingpartners.com.au/products/trade-finance.html,ALP-028_trade-finance-vs-working-capital-finance,General information only. Credit subject to lender assessment and approval criteria.
ALP-029,refinance-vs-additional-loan,Refinance vs Taking an Additional Loan,Product Comparison,Refinance vs Taking an Additional Loan,Businesses with existing finance; Businesses considering consolidating debt; Businesses needing extra capital,consideration,Help business owners understand when refinancing existing debt makes more sense than layering on an additional facility.,https://www.ascendlendingpartners.com.au/products/business-loans.html,ALP-029_refinance-vs-additional-loan,General information only. Credit subject to lender assessment and approval criteria.
ALP-030,what-is-working-capital,What Is Working Capital?,Educational Fundamentals,Working Capital Loans,Australian small business owners; First-time business borrowers; SME owners researching finance options,unaware,Explain working capital in plain language so business owners can recognise when they need it.,,ALP-030_what-is-working-capital,General information only. Credit subject to lender assessment and approval criteria.
ALP-031,what-is-business-cash-flow,What Is Business Cash Flow?,Educational Fundamentals,Cashflow Loans,Australian small business owners; First-time business borrowers; SME owners researching finance options,unaware,Explain cash flow as a concept distinct from profit and revenue.,,ALP-031_what-is-business-cash-flow,General information only. Credit subject to lender assessment and approval criteria.
ALP-032,what-is-a-business-line-of-credit,What Is a Business Line of Credit?,Educational Fundamentals,Business Line of Credit,Australian small business owners; First-time business borrowers; SME owners researching finance options,unaware,"Explain the line-of-credit concept in plain terms, distinct from the product-page post.",,ALP-032_what-is-a-business-line-of-credit,General information only. Credit subject to lender assessment and approval criteria.
ALP-033,how-does-invoice-finance-work,How Does Invoice Finance Work?,Educational Fundamentals,Invoice Finance,Australian small business owners; First-time business borrowers; SME owners researching finance options,unaware,Walk through the mechanics of invoice finance step by step.,,ALP-033_how-does-invoice-finance-work,General information only. Credit subject to lender assessment and approval criteria.
ALP-034,how-does-equipment-finance-work,How Does Equipment Finance Work?,Educational Fundamentals,Equipment Finance,Australian small business owners; First-time business borrowers; SME owners researching finance options,unaware,Walk through how equipment finance is structured and repaid.,,ALP-034_how-does-equipment-finance-work,General information only. Credit subject to lender assessment and approval criteria.
ALP-035,what-is-low-doc-lending,What Is Low Doc Lending?,Educational Fundamentals,Low Doc Business Loans,Australian small business owners; First-time business borrowers; SME owners researching finance options,unaware,Explain low doc lending and who it typically suits.,,ALP-035_what-is-low-doc-lending,General information only. Credit subject to lender assessment and approval criteria.
ALP-036,what-is-full-doc-lending,What Is Full Doc Lending?,Educational Fundamentals,Full Doc Business Loans,Australian small business owners; First-time business borrowers; SME owners researching finance options,unaware,Explain full doc lending and how it differs from low doc.,,ALP-036_what-is-full-doc-lending,General information only. Credit subject to lender assessment and approval criteria.
ALP-037,what-does-unsecured-mean,"What Does ""Unsecured"" Mean?",Educational Fundamentals,Unsecured Business Loans,Australian small business owners; First-time business borrowers; SME owners researching finance options,unaware,Explain unsecured lending in plain terms.,,ALP-037_what-does-unsecured-mean,General information only. Credit subject to lender assessment and approval criteria.
ALP-038,what-does-secured-mean,"What Does ""Secured"" Mean?",Educational Fundamentals,Secured Business Loans,Australian small business owners; First-time business borrowers; SME owners researching finance options,unaware,Explain secured lending in plain terms.,,ALP-038_what-does-secured-mean,General information only. Credit subject to lender assessment and approval criteria.
ALP-039,what-is-private-credit,What Is Private Credit?,Educational Fundamentals,Private Credit,Australian small business owners; First-time business borrowers; SME owners researching finance options,unaware,Explain private credit as an alternative to bank lending.,,ALP-039_what-is-private-credit,General information only. Credit subject to lender assessment and approval criteria.
ALP-040,what-is-a-personal-guarantee,What Is a Personal Guarantee?,Educational Fundamentals,Business Loans,Australian small business owners; First-time business borrowers; SME owners researching finance options,unaware,Explain personal guarantees in loan agreements.,,ALP-040_what-is-a-personal-guarantee,General information only. Credit subject to lender assessment and approval criteria.
ALP-041,what-is-loan-security,What Is Loan Security?,Educational Fundamentals,Business Loans,Australian small business owners; First-time business borrowers; SME owners researching finance options,unaware,Explain loan security as a concept.,,ALP-041_what-is-loan-security,General information only. Credit subject to lender assessment and approval criteria.
ALP-042,what-is-a-general-security-agreement,What Is a General Security Agreement?,Educational Fundamentals,Business Loans,Australian small business owners; First-time business borrowers; SME owners researching finance options,unaware,Explain GSAs and how they differ from asset-specific security.,,ALP-042_what-is-a-general-security-agreement,General information only. Credit subject to lender assessment and approval criteria.
ALP-043,what-is-serviceability,What Is Serviceability?,Educational Fundamentals,Business Loans,Australian small business owners; First-time business borrowers; SME owners researching finance options,unaware,Explain serviceability as a lending assessment concept.,,ALP-043_what-is-serviceability,General information only. Credit subject to lender assessment and approval criteria.
ALP-044,what-is-business-loan-refinancing,What Is Business Loan Refinancing?,Educational Fundamentals,Business Loan Refinancing,Australian small business owners; First-time business borrowers; SME owners researching finance options,unaware,"Explain refinancing as a concept, distinct from taking on additional debt.",,ALP-044_what-is-business-loan-refinancing,General information only. Credit subject to lender assessment and approval criteria.
ALP-045,what-is-a-balloon-or-residual-payment,What Is a Balloon or Residual Payment?,Educational Fundamentals,Equipment Finance,Australian small business owners; First-time business borrowers; SME owners researching finance options,unaware,Explain balloon/residual payments in asset finance.,,ALP-045_what-is-a-balloon-or-residual-payment,General information only. Credit subject to lender assessment and approval criteria.
ALP-046,what-is-an-establishment-fee,What Is an Establishment Fee?,Educational Fundamentals,Business Loans,Australian small business owners; First-time business borrowers; SME owners researching finance options,unaware,Explain establishment fees as a cost component.,,ALP-046_what-is-an-establishment-fee,General information only. Credit subject to lender assessment and approval criteria.
ALP-047,what-is-an-early-repayment-fee,What Is an Early Repayment Fee?,Educational Fundamentals,Business Loans,Australian small business owners; First-time business borrowers; SME owners researching finance options,unaware,Explain early repayment fees and when they can apply.,,ALP-047_what-is-an-early-repayment-fee,General information only. Credit subject to lender assessment and approval criteria.
ALP-048,what-is-a-loan-term,What Is a Loan Term?,Educational Fundamentals,Business Loans,Australian small business owners; First-time business borrowers; SME owners researching finance options,unaware,Explain loan term length and its effect on repayments and cost.,,ALP-048_what-is-a-loan-term,General information only. Credit subject to lender assessment and approval criteria.
ALP-049,what-is-a-credit-limit,What Is a Credit Limit?,Educational Fundamentals,Business Line of Credit,Australian small business owners; First-time business borrowers; SME owners researching finance options,unaware,Explain credit limits as they apply to revolving business facilities.,,ALP-049_what-is-a-credit-limit,General information only. Credit subject to lender assessment and approval criteria.
ALP-050,documents-needed-for-business-finance,What Documents Do You Need to Apply?,Preparing for Finance,Business Loans,Australian small business owners; First-time business borrowers; SME owners researching finance options,problem-aware,List the common documentation lenders ask for when applying for business finance.,,ALP-050_documents-needed-for-business-finance,General information only. Credit subject to lender assessment and approval criteria.
ALP-051,improve-loan-approval-chances,How to Improve Your Chances of Approval,Preparing for Finance,Business Loans,Australian small business owners; First-time business borrowers; SME owners researching finance options,problem-aware,"Give practical, honest steps that can strengthen a loan application.",,ALP-051_improve-loan-approval-chances,General information only. Credit subject to lender assessment and approval criteria.
ALP-052,do-you-need-a-business-plan-for-finance,Do You Need a Business Plan to Get Finance?,Preparing for Finance,Business Loans,Australian small business owners; First-time business borrowers; SME owners researching finance options,unaware,Clarify when a formal business plan is and isn't required for finance.,,ALP-052_do-you-need-a-business-plan-for-finance,General information only. Credit subject to lender assessment and approval criteria.
ALP-053,how-lenders-assess-a-new-business,How Lenders Assess a New Business,Preparing for Finance,Business Loans,Start-up and early-stage business owners; New Australian businesses; First-time borrowers,problem-aware,Explain how lenders approach applications from newer businesses without long trading history.,,ALP-053_how-lenders-assess-a-new-business,General information only. Credit subject to lender assessment and approval criteria.
ALP-054,what-is-your-credit-file,What Is Your Credit File and Why Does It Matter?,Preparing for Finance,Business Loans,Australian small business owners; First-time business borrowers; SME owners researching finance options,unaware,Explain personal and business credit files and their role in lending decisions.,,ALP-054_what-is-your-credit-file,General information only. Credit subject to lender assessment and approval criteria.
ALP-055,prepare-financials-before-applying,How to Prepare Your Financials Before Applying,Preparing for Finance,Business Loans,Australian small business owners; First-time business borrowers; SME owners researching finance options,problem-aware,Give practical steps for getting financial records ready ahead of an application.,,ALP-055_prepare-financials-before-applying,General information only. Credit subject to lender assessment and approval criteria.
ALP-056,what-is-an-abn-and-why-it-matters,What Is an ABN and Why It Matters for Finance,Preparing for Finance,Business Loans,Australian small business owners; First-time business borrowers; SME owners researching finance options,unaware,Explain the ABN's role in a business finance application.,,ALP-056_what-is-an-abn-and-why-it-matters,General information only. Credit subject to lender assessment and approval criteria.
ALP-057,how-long-trading-before-you-apply,How Long Should You Be Trading Before You Apply?,Preparing for Finance,Business Loans,Australian small business owners; First-time business borrowers; SME owners researching finance options,unaware,Address the common question of minimum trading time for finance eligibility.,,ALP-057_how-long-trading-before-you-apply,General information only. Credit subject to lender assessment and approval criteria.
ALP-058,what-lenders-look-for-in-bank-statements,What Lenders Look for in Bank Statements,Preparing for Finance,Business Loans,Australian small business owners; First-time business borrowers; SME owners researching finance options,problem-aware,Explain what lenders scan for when reviewing business bank statements.,,ALP-058_what-lenders-look-for-in-bank-statements,General information only. Credit subject to lender assessment and approval criteria.
ALP-059,choose-the-right-type-of-business-finance,How to Choose the Right Type of Business Finance,Preparing for Finance,Business Loans,Australian small business owners; First-time business borrowers; SME owners researching finance options,problem-aware,Frame a decision-making approach for matching a need to a finance type.,,ALP-059_choose-the-right-type-of-business-finance,General information only. Credit subject to lender assessment and approval criteria.
ALP-060,what-happens-during-loan-assessment,What Happens During the Loan Assessment Process,Preparing for Finance,Business Loans,Australian small business owners; First-time business borrowers; SME owners researching finance options,problem-aware,Walk through the general stages of a loan assessment.,,ALP-060_what-happens-during-loan-assessment,General information only. Credit subject to lender assessment and approval criteria.
ALP-061,how-much-finance-do-you-actually-need,How to Work Out How Much Finance You Actually Need,Preparing for Finance,Business Loans,Australian small business owners; First-time business borrowers; SME owners researching finance options,problem-aware,Give a practical framework for sizing a finance request appropriately.,,ALP-061_how-much-finance-do-you-actually-need,General information only. Credit subject to lender assessment and approval criteria.
ALP-062,what-is-a-finance-broker,What Is a Finance Broker and How Do They Help?,Preparing for Finance,Business Loans,Australian small business owners; First-time business borrowers; SME owners researching finance options,unaware,Explain the broker's role and value in the business lending process.,,ALP-062_what-is-a-finance-broker,General information only. Credit subject to lender assessment and approval criteria.
ALP-063,mistakes-that-delay-loan-approval,Common Mistakes That Delay Loan Approval,Preparing for Finance,Business Loans,Australian small business owners; First-time business borrowers; SME owners researching finance options,problem-aware,"Highlight practical, avoidable mistakes that slow down applications.",,ALP-063_mistakes-that-delay-loan-approval,General information only. Credit subject to lender assessment and approval criteria.
ALP-064,what-to-expect-after-approval,What to Expect After You're Approved,Preparing for Finance,Business Loans,Australian small business owners; First-time business borrowers; SME owners researching finance options,solution-aware,Explain what happens between approval and funds actually landing.,,ALP-064_what-to-expect-after-approval,General information only. Credit subject to lender assessment and approval criteria.
ALP-065,cash-flow-problems-dont-mean-failing-business,Cash Flow Problems Don't Mean a Failing Business,Cash-Flow Education,Cashflow Loans,Australian small business owners; First-time business borrowers; SME owners researching finance options,problem-aware,"Reassure business owners that cash flow strain is common and manageable, not a sign of failure.",,ALP-065_cash-flow-problems-dont-mean-failing-business,General information only. Credit subject to lender assessment and approval criteria.
ALP-066,seasonal-businesses-cash-flow-gaps,How Seasonal Businesses Can Manage Cash Flow Gaps,Cash-Flow Education,Business Line of Credit,Seasonal business owners; Retail and hospitality operators; Tourism-linked businesses,problem-aware,Give practical strategies for businesses with predictable seasonal revenue swings.,,ALP-066_seasonal-businesses-cash-flow-gaps,General information only. Credit subject to lender assessment and approval criteria.
ALP-067,what-causes-most-cash-flow-problems,What Causes Most Small Business Cash Flow Problems?,Cash-Flow Education,Cashflow Loans,Australian small business owners; First-time business borrowers; SME owners researching finance options,unaware,Identify the most common root causes of SME cash flow strain.,,ALP-067_what-causes-most-cash-flow-problems,General information only. Credit subject to lender assessment and approval criteria.
ALP-068,how-to-read-a-cash-flow-forecast,How to Read a Cash Flow Forecast,Cash-Flow Education,Cashflow Loans,Australian small business owners; First-time business borrowers; SME owners researching finance options,unaware,Explain the basics of interpreting a cash flow forecast.,,ALP-068_how-to-read-a-cash-flow-forecast,General information only. Credit subject to lender assessment and approval criteria.
ALP-069,cash-flow-gap-and-how-finance-bridges-it,What Is a Cash Flow Gap and How Finance Can Bridge It,Cash-Flow Education,Cashflow Loans,Australian small business owners; First-time business borrowers; SME owners researching finance options,problem-aware,Define the cash flow gap concept and how short-term finance addresses it.,,ALP-069_cash-flow-gap-and-how-finance-bridges-it,General information only. Credit subject to lender assessment and approval criteria.
ALP-070,late-paying-customers-and-cash-flow,How Late-Paying Customers Affect Your Cash Flow,Cash-Flow Education,Invoice Finance,Australian small business owners; First-time business borrowers; SME owners researching finance options,problem-aware,Explain the compounding impact of slow customer payments and practical responses.,,ALP-070_late-paying-customers-and-cash-flow,General information only. Credit subject to lender assessment and approval criteria.
ALP-071,how-to-build-a-cash-flow-buffer,How to Build a Cash Flow Buffer,Cash-Flow Education,Business Line of Credit,Australian small business owners; First-time business borrowers; SME owners researching finance options,problem-aware,Give a practical approach to building financial resilience against cash-flow shocks.,,ALP-071_how-to-build-a-cash-flow-buffer,General information only. Credit subject to lender assessment and approval criteria.
ALP-072,what-is-the-cash-conversion-cycle,What Is the Cash Conversion Cycle?,Cash-Flow Education,Invoice Finance,Australian small business owners; First-time business borrowers; SME owners researching finance options,unaware,Explain the cash conversion cycle concept simply.,,ALP-072_what-is-the-cash-conversion-cycle,General information only. Credit subject to lender assessment and approval criteria.
ALP-073,gst-and-tax-timing-effects-on-cash-flow,How GST and Tax Timing Affects Cash Flow,Cash-Flow Education,ATO Tax Debt Finance,Australian small business owners; First-time business borrowers; SME owners researching finance options,problem-aware,Explain how BAS and tax obligations create predictable cash-flow pressure points.,,ALP-073_gst-and-tax-timing-effects-on-cash-flow,General information only. Credit subject to lender assessment and approval criteria.
ALP-074,why-profitable-businesses-run-out-of-cash,Why Profitable Businesses Still Run Out of Cash,Cash-Flow Education,Working Capital Loans,Australian small business owners; First-time business borrowers; SME owners researching finance options,unaware,Explain the profit vs cash distinction with concrete examples.,,ALP-074_why-profitable-businesses-run-out-of-cash,General information only. Credit subject to lender assessment and approval criteria.
ALP-075,forecast-cash-flow-for-the-next-quarter,How to Forecast Cash Flow for the Next Quarter,Cash-Flow Education,Cashflow Loans,Australian small business owners; First-time business borrowers; SME owners researching finance options,problem-aware,"Give a practical, simple approach to a 90-day cash flow forecast.",,ALP-075_forecast-cash-flow-for-the-next-quarter,General information only. Credit subject to lender assessment and approval criteria.
ALP-076,what-happens-when-you-miss-a-supplier-payment,What Happens When You Miss a Supplier Payment?,Cash-Flow Education,Working Capital Loans,Australian small business owners; First-time business borrowers; SME owners researching finance options,problem-aware,"Explain the practical and relationship consequences of missed supplier payments, and alternatives.",,ALP-076_what-happens-when-you-miss-a-supplier-payment,General information only. Credit subject to lender assessment and approval criteria.
ALP-077,how-payment-terms-affect-cash-flow,How Payment Terms Affect Your Cash Flow,Cash-Flow Education,Invoice Finance,Australian small business owners; First-time business borrowers; SME owners researching finance options,problem-aware,Explain how offered and received payment terms interact to shape cash-flow position.,,ALP-077_how-payment-terms-affect-cash-flow,General information only. Credit subject to lender assessment and approval criteria.
ALP-078,manage-cash-flow-during-growth,How to Manage Cash Flow During Growth,Cash-Flow Education,Working Capital Loans,Australian small business owners; First-time business borrowers; SME owners researching finance options,problem-aware,Explain why growth periods often strain cash flow and how to plan around it.,,ALP-078_manage-cash-flow-during-growth,General information only. Credit subject to lender assessment and approval criteria.
ALP-079,when-to-use-finance-for-cash-flow,When to Use Finance to Manage Cash Flow (and When Not To),Cash-Flow Education,Cashflow Loans,Australian small business owners; First-time business borrowers; SME owners researching finance options,problem-aware,Give an honest framework for deciding when short-term finance is or isn't the right response.,,ALP-079_when-to-use-finance-for-cash-flow,General information only. Credit subject to lender assessment and approval criteria.
ALP-080,using-finance-to-fund-business-growth,Using Finance to Fund Business Growth,Growth and Strategy,Business Loans,Growth-focused SME owners; Established Australian businesses; Business owners planning expansion,solution-aware,Frame growth finance as a deliberate strategic tool rather than a reactive measure.,,ALP-080_using-finance-to-fund-business-growth,General information only. Credit subject to lender assessment and approval criteria.
ALP-081,when-is-the-right-time-to-expand,When Is the Right Time to Expand?,Growth and Strategy,Business Loans,Growth-focused SME owners; Established Australian businesses; Business owners planning expansion,problem-aware,Offer a framework for timing an expansion decision.,,ALP-081_when-is-the-right-time-to-expand,General information only. Credit subject to lender assessment and approval criteria.
ALP-082,finance-a-new-location-or-premises,How to Finance a New Location or Premises,Growth and Strategy,Secured Business Loans,Growth-focused SME owners; Established Australian businesses; Business owners planning expansion,solution-aware,Outline how businesses typically finance a new premises or additional location.,,ALP-082_finance-a-new-location-or-premises,General information only. Credit subject to lender assessment and approval criteria.
ALP-083,fund-a-marketing-push-without-draining-cash,Funding a Marketing Push Without Draining Cash,Growth and Strategy,Business Line of Credit,Growth-focused SME owners; Established Australian businesses; Business owners planning expansion,solution-aware,Explain how finance can support a marketing investment without straining working capital.,,ALP-083_fund-a-marketing-push-without-draining-cash,General information only. Credit subject to lender assessment and approval criteria.
ALP-084,finance-hiring-ahead-of-demand,How to Finance Hiring Ahead of Demand,Growth and Strategy,Working Capital Loans,Growth-focused SME owners; Established Australian businesses; Business owners planning expansion,solution-aware,Explain financing the gap between hiring cost and new revenue from added capacity.,,ALP-084_finance-hiring-ahead-of-demand,General information only. Credit subject to lender assessment and approval criteria.
ALP-085,equipment-finance-to-scale-production,Using Equipment Finance to Scale Production,Growth and Strategy,Equipment Finance,Growth-focused SME owners; Established Australian businesses; Business owners planning expansion,solution-aware,Explain how equipment finance supports capacity growth without large upfront outlay.,,ALP-085_equipment-finance-to-scale-production,General information only. Credit subject to lender assessment and approval criteria.
ALP-086,fund-a-bulk-stock-purchase,How to Fund a Bulk Stock Purchase,Growth and Strategy,Business Line of Credit,Growth-focused SME owners; Established Australian businesses; Business owners planning expansion,solution-aware,Explain financing options for taking advantage of bulk purchasing or supplier discounts.,,ALP-086_fund-a-bulk-stock-purchase,General information only. Credit subject to lender assessment and approval criteria.
ALP-087,financing-a-business-acquisition,Financing a Business Acquisition,Growth and Strategy,Business Loans,Growth-focused SME owners; Established Australian businesses; Business owners planning expansion,solution-aware,"Introduce acquisition finance as a distinct, larger-scale category.",,ALP-087_financing-a-business-acquisition,General information only. Credit subject to lender assessment and approval criteria.
ALP-088,fund-technology-and-systems-upgrades,How to Fund Technology and Systems Upgrades,Growth and Strategy,Equipment Finance,Growth-focused SME owners; Established Australian businesses; Business owners planning expansion,solution-aware,"Explain financing options for software, hardware and systems investments.",,ALP-088_fund-technology-and-systems-upgrades,General information only. Credit subject to lender assessment and approval criteria.
ALP-089,growing-without-overextending,Growing Without Overextending Your Business,Growth and Strategy,Business Loans,Growth-focused SME owners; Established Australian businesses; Business owners planning expansion,problem-aware,Offer a cautionary but practical framing on pacing growth against finance capacity.,,ALP-089_growing-without-overextending,General information only. Credit subject to lender assessment and approval criteria.
ALP-090,use-finance-to-win-a-big-contract,How to Use Finance to Win a Big Contract,Growth and Strategy,Working Capital Loans,Growth-focused SME owners; Established Australian businesses; Business owners planning expansion,solution-aware,Explain financing the upfront cost of delivering on a large new contract.,,ALP-090_use-finance-to-win-a-big-contract,General information only. Credit subject to lender assessment and approval criteria.
ALP-091,funding-export-and-international-growth,Funding Export and International Growth,Growth and Strategy,Trade Finance,Growth-focused SME owners; Established Australian businesses; Business owners planning expansion,solution-aware,Introduce trade finance in the context of expanding into export markets.,,ALP-091_funding-export-and-international-growth,General information only. Credit subject to lender assessment and approval criteria.
ALP-092,time-finance-around-a-growth-opportunity,How to Time Finance Around a Growth Opportunity,Growth and Strategy,Business Loans,Growth-focused SME owners; Established Australian businesses; Business owners planning expansion,solution-aware,"Emphasise the importance of arranging finance ahead of, not during, a growth opportunity.",,ALP-092_time-finance-around-a-growth-opportunity,General information only. Credit subject to lender assessment and approval criteria.
ALP-093,building-a-finance-strategy-not-just-a-loan,"Building a Finance Strategy, Not Just a Loan",Growth and Strategy,Business Loans,Growth-focused SME owners; Established Australian businesses; Business owners planning expansion,solution-aware,"Encourage a strategic, ongoing view of business finance rather than one-off borrowing.",,ALP-093_building-a-finance-strategy-not-just-a-loan,General information only. Credit subject to lender assessment and approval criteria.
ALP-094,reinvest-profit-vs-use-finance,When to Reinvest Profit vs When to Use Finance,Growth and Strategy,Business Loans,Growth-focused SME owners; Established Australian businesses; Business owners planning expansion,problem-aware,Give a balanced framework for choosing between self-funding and external finance.,,ALP-094_reinvest-profit-vs-use-finance,General information only. Credit subject to lender assessment and approval criteria.
ALP-095,finance-for-hospitality-and-cafe-businesses,Finance for Hospitality and Cafe Businesses,Industry-Specific,Working Capital Loans,Cafe and restaurant owners; Hospitality operators; Food and beverage businesses,problem-aware,Explain the finance needs and cash-flow patterns specific to hospitality and cafe businesses.,,ALP-095_finance-for-hospitality-and-cafe-businesses,General information only. Credit subject to lender assessment and approval criteria.
ALP-096,finance-for-retail-and-ecommerce-businesses,Finance for Retail and Ecommerce Businesses,Industry-Specific,Business Line of Credit,Retail store owners; Ecommerce business owners; Online and bricks-and-mortar retailers,problem-aware,Explain the finance needs and cash-flow patterns specific to retail and ecommerce businesses.,,ALP-096_finance-for-retail-and-ecommerce-businesses,General information only. Credit subject to lender assessment and approval criteria.
ALP-097,finance-for-construction-and-trades-businesses,Finance for Construction and Trades Businesses,Industry-Specific,Invoice Finance,Builders and construction businesses; Tradespeople; Subcontractors,problem-aware,Explain the finance needs and cash-flow patterns specific to construction and trades businesses.,,ALP-097_finance-for-construction-and-trades-businesses,General information only. Credit subject to lender assessment and approval criteria.
ALP-098,finance-for-transport-and-logistics-businesses,Finance for Transport and Logistics Businesses,Industry-Specific,Equipment Finance,Transport operators; Logistics businesses; Owner-drivers and fleet operators,problem-aware,Explain the finance needs and cash-flow patterns specific to transport and logistics businesses.,,ALP-098_finance-for-transport-and-logistics-businesses,General information only. Credit subject to lender assessment and approval criteria.
ALP-099,finance-for-medical-and-allied-health-practices,Finance for Medical and Allied Health Practices,Industry-Specific,Equipment Finance,Medical practice owners; Allied health practitioners; Healthcare business owners,problem-aware,Explain the finance needs and cash-flow patterns specific to medical and allied health practices.,,ALP-099_finance-for-medical-and-allied-health-practices,General information only. Credit subject to lender assessment and approval criteria.
ALP-100,finance-for-professional-services-firms,Finance for Professional Services Firms,Industry-Specific,Business Line of Credit,Accounting and legal firms; Consulting businesses; Professional services owners,problem-aware,Explain the finance needs and cash-flow patterns specific to professional services firms.,,ALP-100_finance-for-professional-services-firms,General information only. Credit subject to lender assessment and approval criteria.
ALP-101,finance-for-manufacturing-businesses,Finance for Manufacturing Businesses,Industry-Specific,Equipment Finance,Manufacturers; Production business owners; Industrial business owners,problem-aware,Explain the finance needs and cash-flow patterns specific to manufacturing businesses.,,ALP-101_finance-for-manufacturing-businesses,General information only. Credit subject to lender assessment and approval criteria.
ALP-102,finance-for-agriculture-and-farming-businesses,Finance for Agriculture and Farming Businesses,Industry-Specific,Working Capital Loans,Farmers and agribusiness owners; Primary producers; Rural business owners,problem-aware,Explain the finance needs and cash-flow patterns specific to agriculture and farming businesses.,,ALP-102_finance-for-agriculture-and-farming-businesses,General information only. Credit subject to lender assessment and approval criteria.
ALP-103,finance-for-childcare-providers,Finance for Childcare Providers,Industry-Specific,Business Loans,Childcare centre owners; Early learning business operators; Family day care operators,problem-aware,Explain the finance needs and cash-flow patterns specific to childcare providers.,,ALP-103_finance-for-childcare-providers,General information only. Credit subject to lender assessment and approval criteria.
ALP-104,finance-for-real-estate-and-property-services,Finance for Real Estate and Property Services,Industry-Specific,Business Line of Credit,Real estate agencies; Property management businesses; Property services owners,problem-aware,Explain the finance needs and cash-flow patterns specific to real estate and property services.,,ALP-104_finance-for-real-estate-and-property-services,General information only. Credit subject to lender assessment and approval criteria.
ALP-105,finance-for-automotive-businesses,Finance for Automotive Businesses,Industry-Specific,Equipment Finance,Mechanics and auto repair businesses; Car dealerships; Automotive service businesses,problem-aware,Explain the finance needs and cash-flow patterns specific to automotive businesses.,,ALP-105_finance-for-automotive-businesses,General information only. Credit subject to lender assessment and approval criteria.
ALP-106,finance-for-beauty-and-wellness-businesses,Finance for Beauty and Wellness Businesses,Industry-Specific,Business Loans,Beauty salon owners; Wellness business operators; Day spa and clinic owners,problem-aware,Explain the finance needs and cash-flow patterns specific to beauty and wellness businesses.,,ALP-106_finance-for-beauty-and-wellness-businesses,General information only. Credit subject to lender assessment and approval criteria.
ALP-107,finance-for-it-and-technology-services,Finance for IT and Technology Services,Industry-Specific,Business Line of Credit,IT service providers; Technology consultants; Software and tech businesses,problem-aware,Explain the finance needs and cash-flow patterns specific to it and technology services.,,ALP-107_finance-for-it-and-technology-services,General information only. Credit subject to lender assessment and approval criteria.
ALP-108,finance-for-import-and-export-businesses,Finance for Import and Export Businesses,Industry-Specific,Trade Finance,Importers and exporters; International trade businesses; Wholesale import businesses,problem-aware,Explain the finance needs and cash-flow patterns specific to import and export businesses.,,ALP-108_finance-for-import-and-export-businesses,General information only. Credit subject to lender assessment and approval criteria.
ALP-109,finance-for-commercial-cleaning-businesses,Finance for Commercial Cleaning Businesses,Industry-Specific,Equipment Finance,Commercial cleaning business owners; Facility services businesses; Cleaning contractors,problem-aware,Explain the finance needs and cash-flow patterns specific to commercial cleaning businesses.,,ALP-109_finance-for-commercial-cleaning-businesses,General information only. Credit subject to lender assessment and approval criteria.
ALP-110,finance-for-education-and-training-providers,Finance for Education and Training Providers,Industry-Specific,Business Loans,Registered training organisations; Education business owners; Tutoring and course providers,problem-aware,Explain the finance needs and cash-flow patterns specific to education and training providers.,,ALP-110_finance-for-education-and-training-providers,General information only. Credit subject to lender assessment and approval criteria.
ALP-111,finance-for-franchise-businesses,Finance for Franchise Businesses,Industry-Specific,Business Loans,Franchisees; Franchise business owners; Multi-site franchise operators,problem-aware,Explain the finance needs and cash-flow patterns specific to franchise businesses.,,ALP-111_finance-for-franchise-businesses,General information only. Credit subject to lender assessment and approval criteria.
ALP-112,finance-for-fitness-and-gym-businesses,Finance for Fitness and Gym Businesses,Industry-Specific,Equipment Finance,Gym owners; Fitness studio operators; Personal training businesses,problem-aware,Explain the finance needs and cash-flow patterns specific to fitness and gym businesses.,,ALP-112_finance-for-fitness-and-gym-businesses,General information only. Credit subject to lender assessment and approval criteria.
ALP-113,finance-for-hair-and-salon-businesses,Finance for Hair and Salon Businesses,Industry-Specific,Business Loans,Hair salon owners; Barbershop operators; Salon business owners,problem-aware,Explain the finance needs and cash-flow patterns specific to hair and salon businesses.,,ALP-113_finance-for-hair-and-salon-businesses,General information only. Credit subject to lender assessment and approval criteria.
ALP-114,finance-for-wholesale-and-distribution-businesses,Finance for Wholesale and Distribution Businesses,Industry-Specific,Invoice Finance,Wholesalers; Distribution business owners; B2B supply businesses,problem-aware,Explain the finance needs and cash-flow patterns specific to wholesale and distribution businesses.,,ALP-114_finance-for-wholesale-and-distribution-businesses,General information only. Credit subject to lender assessment and approval criteria.
ALP-115,bank-said-no-other-options,“My Bank Said No” — What Are Your Other Options?,Problems and Objections,Private Credit,Australian small business owners; First-time business borrowers; SME owners researching finance options,problem-aware,"Address the common experience of bank rejection and reframe it as one lender's decision, not the final word.",,ALP-115_bank-said-no-other-options,General information only. Credit subject to lender assessment and approval criteria.
ALP-116,worried-about-taking-on-debt,Worried About Taking on Debt? Here's How to Think About It,Problems and Objections,Business Loans,Australian small business owners; First-time business borrowers; SME owners researching finance options,problem-aware,"Reframe debt as a tool that can be assessed on specific merit, not inherently good or bad.",,ALP-116_worried-about-taking-on-debt,General information only. Credit subject to lender assessment and approval criteria.
ALP-117,what-brokers-actually-do,“I Don't Want to Deal With a Broker” — What Brokers Actually Do,Problems and Objections,Business Loans,Australian small business owners; First-time business borrowers; SME owners researching finance options,unaware,Address scepticism about brokers by explaining the role plainly.,,ALP-117_what-brokers-actually-do,General information only. Credit subject to lender assessment and approval criteria.
ALP-118,bad-credit-history-what-might-be-possible,Bad Credit History? Here's What Still Might Be Possible,Problems and Objections,Private Credit,Australian small business owners; First-time business borrowers; SME owners researching finance options,problem-aware,"Address the concern of past credit issues without overpromising, framing it honestly.",,ALP-118_bad-credit-history-what-might-be-possible,General information only. Credit subject to lender assessment and approval criteria.
ALP-119,not-enough-trading-history,“I Don't Have Enough Trading History” — What to Do Instead,Problems and Objections,Business Loans,Start-up business owners; Newer Australian businesses; First-time borrowers,problem-aware,Address the common concern of limited trading history with practical alternatives.,,ALP-119_not-enough-trading-history,General information only. Credit subject to lender assessment and approval criteria.
ALP-120,worried-about-interest-rates,Worried About Interest Rates? How to Compare Properly,Problems and Objections,Business Loans,Australian small business owners; First-time business borrowers; SME owners researching finance options,problem-aware,Give practical guidance on comparing rates meaningfully rather than fixating on the headline number.,,ALP-120_worried-about-interest-rates,General information only. Credit subject to lender assessment and approval criteria.
ALP-121,dont-want-to-put-up-my-house,“I Don't Want to Put Up My House as Security”,Problems and Objections,Unsecured Business Loans,Australian small business owners; First-time business borrowers; SME owners researching finance options,problem-aware,Address a common hesitation around residential property security with alternative structures.,,ALP-121_dont-want-to-put-up-my-house,General information only. Credit subject to lender assessment and approval criteria.
ALP-122,concerned-about-hidden-fees,Concerned About Hidden Fees? What to Ask Upfront,Problems and Objections,Business Loans,Australian small business owners; First-time business borrowers; SME owners researching finance options,problem-aware,Give a practical checklist of fee questions to ask a lender or broker.,,ALP-122_concerned-about-hidden-fees,General information only. Credit subject to lender assessment and approval criteria.
ALP-123,knocked-back-before-what-changes-the-outcome,“I've Been Knocked Back Before” — What Changes the Outcome,Problems and Objections,Business Loans,Australian small business owners; First-time business borrowers; SME owners researching finance options,problem-aware,Address the discouragement of a past decline and outline what genuinely changes an outcome.,,ALP-123_knocked-back-before-what-changes-the-outcome,General information only. Credit subject to lender assessment and approval criteria.
ALP-124,worried-finance-will-strain-cash-flow,Worried Finance Will Strain Your Cash Flow Further,Problems and Objections,Business Loans,Australian small business owners; First-time business borrowers; SME owners researching finance options,problem-aware,"Address the fear that taking on finance will make cash flow worse, not better.",,ALP-124_worried-finance-will-strain-cash-flow,General information only. Credit subject to lender assessment and approval criteria.
ALP-125,dont-understand-the-paperwork,“I Don't Understand the Paperwork” — What to Ask For,Problems and Objections,Business Loans,Australian small business owners; First-time business borrowers; SME owners researching finance options,unaware,Empower business owners to ask plain-language questions about loan documentation.,,ALP-125_dont-understand-the-paperwork,General information only. Credit subject to lender assessment and approval criteria.
ALP-126,worried-about-long-term-commitment,Concerned About Locking In a Long-Term Commitment,Problems and Objections,Short-Term Business Loans,Australian small business owners; First-time business borrowers; SME owners researching finance options,problem-aware,Address hesitation about long facility terms and outline shorter-term alternatives.,,ALP-126_worried-about-long-term-commitment,General information only. Credit subject to lender assessment and approval criteria.
ALP-127,is-my-business-too-small,“Is My Business Too Small for Business Finance?”,Problems and Objections,Business Loans,Sole traders; Micro business owners; Small business owners,unaware,Address the common assumption that finance is only for larger businesses.,,ALP-127_is-my-business-too-small,General information only. Credit subject to lender assessment and approval criteria.
ALP-128,worried-what-happens-if-you-cant-repay,Worried About What Happens If You Can't Repay?,Problems and Objections,Business Loans,Australian small business owners; First-time business borrowers; SME owners researching finance options,problem-aware,"Address this concern honestly, emphasising communication with lenders and realistic borrowing.",,ALP-128_worried-what-happens-if-you-cant-repay,General information only. Credit subject to lender assessment and approval criteria.
ALP-129,invoice-finance-and-your-customers,Will Your Customers Know You're Using Invoice Finance?,Problems and Objections,Invoice Finance,Australian small business owners; First-time business borrowers; SME owners researching finance options,problem-aware,Address concerns about customer perception when using invoice/debtor finance.,,ALP-129_invoice-finance-and-your-customers,General information only. Credit subject to lender assessment and approval criteria.
ALP-130,concerned-about-credit-score-impact,Concerned About Your Credit Score Being Affected?,Problems and Objections,Business Loans,Australian small business owners; First-time business borrowers; SME owners researching finance options,problem-aware,"Explain how credit enquiries and applications can affect credit files, and how to minimise impact.",,ALP-130_concerned-about-credit-score-impact,General information only. Credit subject to lender assessment and approval criteria.
ALP-131,tried-a-broker-before-didnt-work-out,“I Tried a Broker Before and It Didn't Work Out”,Problems and Objections,Business Loans,Australian small business owners; First-time business borrowers; SME owners researching finance options,problem-aware,Address past disappointment with brokers and outline what a better experience looks like.,,ALP-131_tried-a-broker-before-didnt-work-out,General information only. Credit subject to lender assessment and approval criteria.
ALP-132,will-finance-look-bad-to-investors,Worried Finance Will Look Bad to Investors or Partners?,Problems and Objections,Business Loans,Australian small business owners; First-time business borrowers; SME owners researching finance options,problem-aware,"Reframe well-structured business debt as a normal, often positive signal to stakeholders.",,ALP-132_will-finance-look-bad-to-investors,General information only. Credit subject to lender assessment and approval criteria.
ALP-133,just-need-a-small-amount,“I Just Need a Small Amount” — Does That Rule You Out?,Problems and Objections,Business Line of Credit,Australian small business owners; First-time business borrowers; SME owners researching finance options,unaware,Address the assumption that small finance needs aren't worth pursuing.,,ALP-133_just-need-a-small-amount,General information only. Credit subject to lender assessment and approval criteria.
ALP-134,overcoming-fear-of-applying-and-rejection,Overcoming the Fear of Applying and Getting Rejected,Problems and Objections,Business Loans,Australian small business owners; First-time business borrowers; SME owners researching finance options,problem-aware,"Close out the objections group with a reassuring, practical note on starting the process.",,ALP-134_overcoming-fear-of-applying-and-rejection,General information only. Credit subject to lender assessment and approval criteria.
ALP-135,myth-need-perfect-credit,Myth: You Need Perfect Credit to Get Business Finance,Myth-Busting,Private Credit,Australian small business owners; First-time business borrowers; SME owners researching finance options,unaware,Correct a common misconception: 'You Need Perfect Credit to Get Business Finance'.,,ALP-135_myth-need-perfect-credit,General information only. Credit subject to lender assessment and approval criteria.
ALP-136,myth-loans-only-for-big-companies,Myth: Business Loans Are Only for Big Companies,Myth-Busting,Business Loans,Australian small business owners; First-time business borrowers; SME owners researching finance options,unaware,Correct a common misconception: 'Business Loans Are Only for Big Companies'.,,ALP-136_myth-loans-only-for-big-companies,General information only. Credit subject to lender assessment and approval criteria.
ALP-137,myth-applying-always-hurts-credit-score,Myth: Applying for Finance Always Hurts Your Credit Score,Myth-Busting,Business Loans,Australian small business owners; First-time business borrowers; SME owners researching finance options,unaware,Correct a common misconception: 'Applying for Finance Always Hurts Your Credit Score'.,,ALP-137_myth-applying-always-hurts-credit-score,General information only. Credit subject to lender assessment and approval criteria.
ALP-138,myth-brokers-cost-you-extra,Myth: Brokers Cost You Extra Money,Myth-Busting,Business Loans,Australian small business owners; First-time business borrowers; SME owners researching finance options,unaware,Correct a common misconception: 'Brokers Cost You Extra Money'.,,ALP-138_myth-brokers-cost-you-extra,General information only. Credit subject to lender assessment and approval criteria.
ALP-139,myth-need-years-of-trading-history,Myth: You Need Years of Trading History to Qualify,Myth-Busting,Business Loans,Australian small business owners; First-time business borrowers; SME owners researching finance options,unaware,Correct a common misconception: 'You Need Years of Trading History to Qualify'.,,ALP-139_myth-need-years-of-trading-history,General information only. Credit subject to lender assessment and approval criteria.
ALP-140,myth-unsecured-loans-always-more-expensive,Myth: Unsecured Loans Are Always More Expensive,Myth-Busting,Unsecured Business Loans,Australian small business owners; First-time business borrowers; SME owners researching finance options,unaware,Correct a common misconception: 'Unsecured Loans Are Always More Expensive'.,,ALP-140_myth-unsecured-loans-always-more-expensive,General information only. Credit subject to lender assessment and approval criteria.
ALP-141,myth-fast-finance-means-risky-finance,Myth: Fast Finance Means Risky Finance,Myth-Busting,Business Loans,Australian small business owners; First-time business borrowers; SME owners researching finance options,unaware,Correct a common misconception: 'Fast Finance Means Risky Finance'.,,ALP-141_myth-fast-finance-means-risky-finance,General information only. Credit subject to lender assessment and approval criteria.
ALP-142,myth-refinancing-means-something-wrong,Myth: Refinancing Means Something's Gone Wrong,Myth-Busting,Business Loan Refinancing,Australian small business owners; First-time business borrowers; SME owners researching finance options,unaware,Correct a common misconception: 'Refinancing Means Something's Gone Wrong'.,,ALP-142_myth-refinancing-means-something-wrong,General information only. Credit subject to lender assessment and approval criteria.
ALP-143,myth-non-bank-lenders-less-legitimate,Myth: Non-Bank Lenders Are Less Legitimate Than Banks,Myth-Busting,Private Credit,Australian small business owners; First-time business borrowers; SME owners researching finance options,unaware,Correct a common misconception: 'Non-Bank Lenders Are Less Legitimate Than Banks'.,,ALP-143_myth-non-bank-lenders-less-legitimate,General information only. Credit subject to lender assessment and approval criteria.
ALP-144,myth-terms-cant-change-after-approval,"Myth: Once You're Approved, the Terms Can't Change",Myth-Busting,Business Loans,Australian small business owners; First-time business borrowers; SME owners researching finance options,unaware,"Correct a common misconception: 'Once You're Approved, the Terms Can't Change'.",,ALP-144_myth-terms-cant-change-after-approval,General information only. Credit subject to lender assessment and approval criteria.
ALP-160,5-documents-to-have-ready,5 Documents to Have Ready Before You Apply,Checklists and Lists,Business Loans,Australian small business owners; First-time business borrowers; SME owners researching finance options,problem-aware,"Give a scannable, practical checklist of documents to prepare in advance.",,ALP-160_5-documents-to-have-ready,General information only. Credit subject to lender assessment and approval criteria.
ALP-161,7-signs-you-might-need-cash-flow-facility,7 Signs Your Business Might Need a Cash Flow Facility,Checklists and Lists,Cashflow Loans,Australian small business owners; First-time business borrowers; SME owners researching finance options,problem-aware,Give a diagnostic checklist to help owners recognise when finance may help.,,ALP-161_7-signs-you-might-need-cash-flow-facility,General information only. Credit subject to lender assessment and approval criteria.
ALP-162,6-questions-before-choosing-a-lender,6 Questions to Ask Before Choosing a Lender,Checklists and Lists,Business Loans,Australian small business owners; First-time business borrowers; SME owners researching finance options,problem-aware,Give a checklist for evaluating and choosing between lenders.,,ALP-162_6-questions-before-choosing-a-lender,General information only. Credit subject to lender assessment and approval criteria.
ALP-163,5-ways-to-strengthen-a-loan-application,5 Ways to Strengthen a Loan Application,Checklists and Lists,Business Loans,Australian small business owners; First-time business borrowers; SME owners researching finance options,problem-aware,"Give practical, honest steps for improving an application before submission.",,ALP-163_5-ways-to-strengthen-a-loan-application,General information only. Credit subject to lender assessment and approval criteria.
ALP-164,8-costs-to-factor-into-equipment-purchase,8 Costs to Factor Into Your Next Equipment Purchase,Checklists and Lists,Equipment Finance,Australian small business owners; First-time business borrowers; SME owners researching finance options,problem-aware,Give a comprehensive checklist of costs beyond the sticker price when buying equipment.,,ALP-164_8-costs-to-factor-into-equipment-purchase,General information only. Credit subject to lender assessment and approval criteria.
ALP-165,5-signs-its-time-to-refinance,5 Signs It's Time to Refinance,Checklists and Lists,Business Loan Refinancing,Australian small business owners; First-time business borrowers; SME owners researching finance options,problem-aware,Give a checklist for recognising when refinancing is worth exploring.,,ALP-165_5-signs-its-time-to-refinance,General information only. Credit subject to lender assessment and approval criteria.
ALP-166,6-red-flags-in-a-finance-offer,6 Red Flags to Watch for in a Finance Offer,Checklists and Lists,Business Loans,Australian small business owners; First-time business borrowers; SME owners researching finance options,problem-aware,"Give a checklist of warning signs to watch for when evaluating a finance offer, in a compliant, non-alarmist way.",,ALP-166_6-red-flags-in-a-finance-offer,General information only. Credit subject to lender assessment and approval criteria.
ALP-167,5-ways-businesses-use-a-line-of-credit,5 Ways Businesses Use a Line of Credit,Checklists and Lists,Business Line of Credit,Australian small business owners; First-time business borrowers; SME owners researching finance options,unaware,"Give practical, real-world examples of line of credit use cases.",,ALP-167_5-ways-businesses-use-a-line-of-credit,General information only. Credit subject to lender assessment and approval criteria.
ALP-168,7-things-that-affect-serviceability,7 Things That Affect Your Business Loan Serviceability,Checklists and Lists,Business Loans,Australian small business owners; First-time business borrowers; SME owners researching finance options,problem-aware,Give a checklist of factors that influence a serviceability assessment.,,ALP-168_7-things-that-affect-serviceability,General information only. Credit subject to lender assessment and approval criteria.
ALP-169,5-mistakes-to-avoid-when-applying,5 Mistakes to Avoid When Applying for Finance,Checklists and Lists,Business Loans,Australian small business owners; First-time business borrowers; SME owners researching finance options,problem-aware,"Give a checklist of common, avoidable application mistakes.",,ALP-169_5-mistakes-to-avoid-when-applying,General information only. Credit subject to lender assessment and approval criteria.
ALP-170,6-ways-to-prepare-for-growth-finance,6 Ways to Prepare Your Business for Growth Finance,Checklists and Lists,Business Loans,Growth-focused SME owners; Established Australian businesses,solution-aware,Give a practical checklist for preparing a strong growth finance case.,,ALP-170_6-ways-to-prepare-for-growth-finance,General information only. Credit subject to lender assessment and approval criteria.
ALP-171,5-signs-cash-flow-needs-attention,5 Signs Your Cash Flow Needs Attention,Checklists and Lists,Cashflow Loans,Australian small business owners; First-time business borrowers; SME owners researching finance options,problem-aware,"Give a diagnostic checklist distinct from ALP-161, focused on early warning signs.",,ALP-171_5-signs-cash-flow-needs-attention,General information only. Credit subject to lender assessment and approval criteria.
ALP-172,8-things-to-check-in-a-loan-agreement,8 Things to Check in a Loan Agreement,Checklists and Lists,Business Loans,Australian small business owners; First-time business borrowers; SME owners researching finance options,problem-aware,Give a comprehensive checklist for reviewing a formal loan agreement before signing.,,ALP-172_8-things-to-check-in-a-loan-agreement,General information only. Credit subject to lender assessment and approval criteria.
ALP-173,5-ways-to-build-a-stronger-credit-profile,5 Ways to Build a Stronger Credit Profile,Checklists and Lists,Business Loans,Australian small business owners; First-time business borrowers; SME owners researching finance options,unaware,"Give practical, achievable steps for improving a business's credit profile over time.",,ALP-173_5-ways-to-build-a-stronger-credit-profile,General information only. Credit subject to lender assessment and approval criteria.
ALP-174,6-questions-before-taking-on-debt,6 Questions to Ask Yourself Before Taking on Debt,Checklists and Lists,Business Loans,Australian small business owners; First-time business borrowers; SME owners researching finance options,problem-aware,"Close the checklist group with a reflective, self-assessment style checklist.",,ALP-174_6-questions-before-taking-on-debt,General information only. Credit subject to lender assessment and approval criteria.
ALP-145,what-does-the-application-process-look-like,What Does the Application Process Actually Look Like?,Broker and Process Education,Business Loans,Australian small business owners; First-time business borrowers; SME owners researching finance options,problem-aware,Walk through the practical stages of applying for business finance via a broker.,,ALP-145_what-does-the-application-process-look-like,General information only. Credit subject to lender assessment and approval criteria.
ALP-146,how-to-choose-the-right-broker,How to Choose the Right Broker for Your Business,Broker and Process Education,Business Loans,Australian small business owners; First-time business borrowers; SME owners researching finance options,unaware,Give practical criteria for selecting a finance broker.,,ALP-146_how-to-choose-the-right-broker,General information only. Credit subject to lender assessment and approval criteria.
ALP-147,questions-to-ask-a-lender-before-signing,What Questions to Ask a Lender Before Signing,Broker and Process Education,Business Loans,Australian small business owners; First-time business borrowers; SME owners researching finance options,problem-aware,Provide a practical checklist of questions before finalising a facility.,,ALP-147_questions-to-ask-a-lender-before-signing,General information only. Credit subject to lender assessment and approval criteria.
ALP-148,how-brokers-compare-lenders-behind-the-scenes,How Brokers Compare Lenders Behind the Scenes,Broker and Process Education,Business Loans,Australian small business owners; First-time business borrowers; SME owners researching finance options,unaware,Explain the broker's comparison process to build trust and transparency.,,ALP-148_how-brokers-compare-lenders-behind-the-scenes,General information only. Credit subject to lender assessment and approval criteria.
ALP-149,what-happens-after-you-submit-an-application,What Happens After You Submit an Application?,Broker and Process Education,Business Loans,Australian small business owners; First-time business borrowers; SME owners researching finance options,problem-aware,Explain the post-submission stage to reduce anxiety during waiting periods.,,ALP-149_what-happens-after-you-submit-an-application,General information only. Credit subject to lender assessment and approval criteria.
ALP-150,how-to-read-a-loan-offer,How to Read a Loan Offer Before You Accept It,Broker and Process Education,Business Loans,Australian small business owners; First-time business borrowers; SME owners researching finance options,problem-aware,Give practical guidance for reviewing a formal loan offer document.,,ALP-150_how-to-read-a-loan-offer,General information only. Credit subject to lender assessment and approval criteria.
ALP-151,what-is-a-panel-of-lenders,What Is a Panel of Lenders and Why It Matters,Broker and Process Education,Business Loans,Australian small business owners; First-time business borrowers; SME owners researching finance options,unaware,Explain the concept of a broker's lender panel and its practical significance.,,ALP-151_what-is-a-panel-of-lenders,General information only. Credit subject to lender assessment and approval criteria.
ALP-152,how-long-does-approval-typically-take,How Long Does Business Finance Approval Typically Take?,Broker and Process Education,Business Loans,Australian small business owners; First-time business borrowers; SME owners researching finance options,problem-aware,"Give realistic, honest timeframe expectations across different facility types.",,ALP-152_how-long-does-approval-typically-take,General information only. Credit subject to lender assessment and approval criteria.
ALP-153,prepare-for-your-first-broker-conversation,What to Prepare for Your First Broker Conversation,Broker and Process Education,Business Loans,Australian small business owners; First-time business borrowers; SME owners researching finance options,unaware,Give practical guidance on preparing for an initial consultation.,,ALP-153_prepare-for-your-first-broker-conversation,General information only. Credit subject to lender assessment and approval criteria.
ALP-154,how-brokers-are-regulated-in-australia,How Brokers Are Regulated in Australia,Broker and Process Education,Business Loans,Australian small business owners; First-time business borrowers; SME owners researching finance options,unaware,"Explain the regulatory framework brokers operate under, to build confidence and trust.",,ALP-154_how-brokers-are-regulated-in-australia,General information only. Credit subject to lender assessment and approval criteria.
ALP-155,circumstances-change-mid-application,What Happens If Your Circumstances Change Mid-Application?,Broker and Process Education,Business Loans,Australian small business owners; First-time business borrowers; SME owners researching finance options,problem-aware,Explain how to handle a change in circumstances during an active application.,,ALP-155_circumstances-change-mid-application,General information only. Credit subject to lender assessment and approval criteria.
ALP-156,compare-multiple-loan-offers-side-by-side,How to Compare Multiple Loan Offers Side by Side,Broker and Process Education,Business Loans,Australian small business owners; First-time business borrowers; SME owners researching finance options,problem-aware,Give a practical framework for comparing more than one loan offer.,,ALP-156_compare-multiple-loan-offers-side-by-side,General information only. Credit subject to lender assessment and approval criteria.
ALP-157,what-a-broker-can-and-cant-do,What a Broker Can and Can't Do for You,Broker and Process Education,Business Loans,Australian small business owners; First-time business borrowers; SME owners researching finance options,unaware,Set honest expectations about the scope of a broker's role.,,ALP-157_what-a-broker-can-and-cant-do,General information only. Credit subject to lender assessment and approval criteria.
ALP-158,build-an-ongoing-relationship-with-your-broker,How to Build an Ongoing Relationship With Your Broker,Broker and Process Education,Business Loans,Australian small business owners; First-time business borrowers; SME owners researching finance options,solution-aware,"Frame the broker relationship as an ongoing resource, not a one-off transaction.",,ALP-158_build-an-ongoing-relationship-with-your-broker,General information only. Credit subject to lender assessment and approval criteria.
ALP-159,what-happens-at-settlement,What Happens at Settlement,Broker and Process Education,Business Loans,Australian small business owners; First-time business borrowers; SME owners researching finance options,solution-aware,"Explain the settlement stage clearly, closing out the process education group.",,ALP-159_what-happens-at-settlement,General information only. Credit subject to lender assessment and approval criteria.
ALP-175,youve-just-won-a-big-contract,You've Just Won a Big Contract — Now What?,Scenario-Based,Working Capital Loans,Australian small business owners; First-time business borrowers; SME owners researching finance options,solution-aware,Walk through the practical next steps after landing a large new contract.,,ALP-175_youve-just-won-a-big-contract,General information only. Credit subject to lender assessment and approval criteria.
ALP-176,customer-asked-for-60-day-terms,Your Best Customer Just Asked for 60-Day Terms,Scenario-Based,Invoice Finance,Australian small business owners; First-time business borrowers; SME owners researching finance options,problem-aware,Address the scenario of a valuable customer requesting extended payment terms.,,ALP-176_customer-asked-for-60-day-terms,General information only. Credit subject to lender assessment and approval criteria.
ALP-177,key-equipment-just-broke-down,A Key Piece of Equipment Just Broke Down,Scenario-Based,Equipment Finance,Australian small business owners; First-time business borrowers; SME owners researching finance options,problem-aware,"Address the scenario of urgent, unplanned equipment replacement.",,ALP-177_key-equipment-just-broke-down,General information only. Credit subject to lender assessment and approval criteria.
ALP-178,growing-faster-than-cash-flow-can-keep-up,You're Growing Faster Than Your Cash Flow Can Keep Up,Scenario-Based,Working Capital Loans,Australian small business owners; First-time business borrowers; SME owners researching finance options,problem-aware,Address the scenario of rapid growth outpacing available cash.,,ALP-178_growing-faster-than-cash-flow-can-keep-up,General information only. Credit subject to lender assessment and approval criteria.
ALP-179,busiest-season-about-to-start,Your Busiest Season Is About to Start,Scenario-Based,Business Line of Credit,Australian small business owners; First-time business borrowers; SME owners researching finance options,problem-aware,Address the scenario of preparing finance ahead of a known seasonal peak.,,ALP-179_busiest-season-about-to-start,General information only. Credit subject to lender assessment and approval criteria.
ALP-180,bulk-discount-you-cant-quite-afford,You've Been Offered a Bulk Discount You Can't Quite Afford,Scenario-Based,Business Line of Credit,Australian small business owners; First-time business borrowers; SME owners researching finance options,solution-aware,Address the scenario of a time-limited supplier discount opportunity.,,ALP-180_bulk-discount-you-cant-quite-afford,General information only. Credit subject to lender assessment and approval criteria.
ALP-181,competitor-went-out-of-business-buy-assets,A Competitor Just Went Out of Business — Should You Buy Their Assets?,Scenario-Based,Equipment Finance,Australian small business owners; First-time business borrowers; SME owners researching finance options,solution-aware,Address the scenario of an opportunistic asset purchase from a failed competitor.,,ALP-181_competitor-went-out-of-business-buy-assets,General information only. Credit subject to lender assessment and approval criteria.
ALP-182,landlord-offered-bigger-space,Your Landlord Just Offered You a Bigger Space,Scenario-Based,Secured Business Loans,Australian small business owners; First-time business borrowers; SME owners researching finance options,solution-aware,Address the scenario of an unplanned expansion opportunity via an existing landlord relationship.,,ALP-182_landlord-offered-bigger-space,General information only. Credit subject to lender assessment and approval criteria.
ALP-183,tax-bill-due-not-enough-cash,You've Got a Tax Bill Due and Not Enough Cash,Scenario-Based,ATO Tax Debt Finance,Australian small business owners; First-time business borrowers; SME owners researching finance options,problem-aware,Address the scenario of an upcoming tax obligation exceeding available cash.,,ALP-183_tax-bill-due-not-enough-cash,General information only. Credit subject to lender assessment and approval criteria.
ALP-184,major-customer-90-days-overdue,A Major Customer Is 90 Days Overdue,Scenario-Based,Invoice Finance,Australian small business owners; First-time business borrowers; SME owners researching finance options,problem-aware,Address the scenario of a significantly overdue invoice from an important customer.,,ALP-184_major-customer-90-days-overdue,General information only. Credit subject to lender assessment and approval criteria.
ALP-185,ready-to-hire-your-first-employee,You're Ready to Hire Your First Employee,Scenario-Based,Working Capital Loans,Sole traders; Solo business owners; First-time employers,solution-aware,Address the scenario of funding a first hire as a sole trader or small operator.,,ALP-185_ready-to-hire-your-first-employee,General information only. Credit subject to lender assessment and approval criteria.
ALP-186,business-outgrown-current-equipment,Your Business Has Outgrown Its Current Equipment,Scenario-Based,Equipment Finance,Australian small business owners; First-time business borrowers; SME owners researching finance options,solution-aware,Address the scenario of equipment becoming a genuine bottleneck to growth.,,ALP-186_business-outgrown-current-equipment,General information only. Credit subject to lender assessment and approval criteria.
ALP-187,asked-to-take-on-a-bigger-project,You've Been Asked to Take On a Project Bigger Than Usual,Scenario-Based,Working Capital Loans,Australian small business owners; First-time business borrowers; SME owners researching finance options,solution-aware,Address the scenario of an outsized project opportunity relative to normal operations.,,ALP-187_asked-to-take-on-a-bigger-project,General information only. Credit subject to lender assessment and approval criteria.
ALP-188,supplier-wants-payment-upfront,Your Supplier Wants Payment Upfront Now,Scenario-Based,Business Line of Credit,Australian small business owners; First-time business borrowers; SME owners researching finance options,problem-aware,Address the scenario of a supplier tightening their own payment terms.,,ALP-188_supplier-wants-payment-upfront,General information only. Credit subject to lender assessment and approval criteria.
ALP-189,buying-out-your-business-partner,You're Thinking About Buying Out Your Business Partner,Scenario-Based,Business Loans,Australian small business owners; First-time business borrowers; SME owners researching finance options,solution-aware,"Address the scenario of financing a partner buyout, at a high level.",,ALP-189_buying-out-your-business-partner,General information only. Credit subject to lender assessment and approval criteria.
ALP-190,a-franchise-opportunity-has-come-up,A Franchise Opportunity Has Come Up,Scenario-Based,Business Loans,Australian small business owners; First-time business borrowers; SME owners researching finance options,solution-aware,Address the scenario of evaluating and funding a new franchise opportunity.,,ALP-190_a-franchise-opportunity-has-come-up,General information only. Credit subject to lender assessment and approval criteria.
ALP-191,need-to-relocate-quickly,You Need to Relocate Your Business Quickly,Scenario-Based,Business Loans,Australian small business owners; First-time business borrowers; SME owners researching finance options,problem-aware,"Address the scenario of an unplanned, time-pressured relocation.",,ALP-191_need-to-relocate-quickly,General information only. Credit subject to lender assessment and approval criteria.
ALP-192,insurance-renewal-higher-than-expected,Your Insurance Renewal Came in Higher Than Expected,Scenario-Based,Business Line of Credit,Australian small business owners; First-time business borrowers; SME owners researching finance options,problem-aware,Address the scenario of an unexpectedly large annual insurance renewal.,,ALP-192_insurance-renewal-higher-than-expected,General information only. Credit subject to lender assessment and approval criteria.
ALP-193,approached-to-export-for-the-first-time,You've Been Approached to Export for the First Time,Scenario-Based,Trade Finance,Australian small business owners; First-time business borrowers; SME owners researching finance options,solution-aware,Address the scenario of a first international sales opportunity.,,ALP-193_approached-to-export-for-the-first-time,General information only. Credit subject to lender assessment and approval criteria.
ALP-194,best-quarter-ever-now-what,Your Business Just Had Its Best Quarter Ever — Now What?,Scenario-Based,Business Loans,Australian small business owners; First-time business borrowers; SME owners researching finance options,solution-aware,Address the scenario of using a strong quarter as a springboard rather than letting momentum stall.,,ALP-194_best-quarter-ever-now-what,General information only. Credit subject to lender assessment and approval criteria.
ALP-195,fire-flood-or-disruption-hit-business,"A Fire, Flood or Other Disruption Has Hit Your Business",Scenario-Based,Working Capital Loans,Australian small business owners; First-time business borrowers; SME owners researching finance options,problem-aware,"Address the scenario of recovering from a significant business disruption, sensitively and practically.",,ALP-195_fire-flood-or-disruption-hit-business,General information only. Credit subject to lender assessment and approval criteria.
ALP-196,considering-taking-on-a-business-partner,You're Considering Taking on a Business Partner,Scenario-Based,Business Loans,Australian small business owners; First-time business borrowers; SME owners researching finance options,solution-aware,"Address the scenario of bringing on a new partner, with a finance-relevant angle.",,ALP-196_considering-taking-on-a-business-partner,General information only. Credit subject to lender assessment and approval criteria.
ALP-197,biggest-client-wants-exclusivity-at-a-cost,Your Biggest Client Wants Exclusivity — At a Cost,Scenario-Based,Working Capital Loans,Australian small business owners; First-time business borrowers; SME owners researching finance options,solution-aware,Address the scenario of a major client requesting exclusivity that requires investment or capacity commitment.,,ALP-197_biggest-client-wants-exclusivity-at-a-cost,General information only. Credit subject to lender assessment and approval criteria.
ALP-198,ready-to-retire-need-succession-plan,You're Ready to Retire and Need a Succession Plan,Scenario-Based,Business Loans,Australian small business owners; First-time business borrowers; SME owners researching finance options,solution-aware,"Address the scenario of business succession planning, at a high level with a finance angle.",,ALP-198_ready-to-retire-need-succession-plan,General information only. Credit subject to lender assessment and approval criteria.
ALP-199,business-offered-a-buyout,Your Business Has Been Offered a Buyout,Scenario-Based,Business Loans,Australian small business owners; First-time business borrowers; SME owners researching finance options,solution-aware,"Address the scenario of receiving an acquisition offer, framed around evaluating and financing the response.",,ALP-199_business-offered-a-buyout,General information only. Credit subject to lender assessment and approval criteria.
ALP-200,reflecting-on-200-posts-of-finance-education,200 Posts of Finance Education — What We've Learned,Scenario-Based,Business Loans,Australian small business owners; First-time business borrowers; SME owners researching finance options,solution-aware,"Close the full library with a reflective capstone post summarising the core, recurring themes.",,ALP-200_reflecting-on-200-posts-of-finance-education,General information only. Credit subject to lender assessment and approval criteria.
