post_id,hashtags
ALP-001,#AscendLendingPartners #BusinessFinanceAustralia #WorkingCapital #BusinessLineOfCredit #CashFlowManagement #AustralianSmallBusiness #CommercialFinance #SMEFinance #BusinessGrowthAU #FinanceBrokerAustralia
ALP-002,#AscendLendingPartners #EquipmentFinance #AssetFinance #BusinessFinanceAustralia #TradieFinance #ConstructionFinance #TransportFinance #CommercialFinance #AustralianSmallBusiness #SMEFinance
ALP-003,#AscendLendingPartners #InvoiceFinance #DebtorFinance #CashFlowManagement #WorkingCapital #BusinessFinanceAustralia #B2BFinance #CommercialFinance #AustralianSmallBusiness #SMEFinance
ALP-004,#AscendLendingPartners #BusinessLoansAustralia #BusinessFinanceAustralia #CommercialFinance #SMEFinance #AustralianSmallBusiness #BusinessGrowthAU #FinanceBrokerAustralia #WorkingCapital #BusinessExpansion
ALP-005,#AscendLendingPartners #SmallBusinessLoans #BusinessFinanceAustralia #AustralianSmallBusiness #RetailFinance #HospitalityFinance #CommercialFinance #SMEFinance #CashFlowManagement #FinanceBrokerAustralia
ALP-006,#AscendLendingPartners #UnsecuredBusinessLoans #BusinessFinanceAustralia #SMEFinance #AustralianSmallBusiness #CommercialFinance #CashFlowManagement #FinanceBrokerAustralia #BusinessGrowthAU #WorkingCapital
ALP-007,#AscendLendingPartners #SecuredBusinessLoans #BusinessFinanceAustralia #CommercialFinance #PropertyFinance #AustralianSmallBusiness #SMEFinance #BusinessGrowthAU #FinanceBrokerAustralia #AssetFinance
ALP-008,#AscendLendingPartners #LowDocLoans #SelfEmployedFinance #BusinessFinanceAustralia #SoleTrader #AustralianSmallBusiness #SMEFinance #CommercialFinance #ContractorFinance #FinanceBrokerAustralia
ALP-009,#AscendLendingPartners #FullDocLoans #BusinessFinanceAustralia #CommercialFinance #EstablishedBusiness #SMEFinance #AustralianSmallBusiness #BusinessGrowthAU #FinanceBrokerAustralia #CorporateFinance
ALP-010,#AscendLendingPartners #CashflowLoans #CashFlowManagement #BusinessFinanceAustralia #WorkingCapital #AustralianSmallBusiness #SMEFinance #CommercialFinance #SeasonalBusiness #FinanceBrokerAustralia
ALP-011,#AscendLendingPartners #WorkingCapitalLoans #CashFlowManagement #BusinessFinanceAustralia #SMEFinance #AustralianSmallBusiness #CommercialFinance #BusinessGrowthAU #RetailFinance #FinanceBrokerAustralia
ALP-012,#AscendLendingPartners #TradeFinance #ImportExport #BusinessFinanceAustralia #Wholesale #CommercialFinance #SMEFinance #AustralianSmallBusiness #SupplyChainFinance #FinanceBrokerAustralia
ALP-013,#AscendLendingPartners #ATOTaxDebt #BusinessFinanceAustralia #TaxDebtFinance #SMEFinance #AustralianSmallBusiness #CommercialFinance #CashFlowManagement #FinanceBrokerAustralia #BusinessDebt
ALP-014,#AscendLendingPartners #ShortTermBusinessLoans #BridgingFinance #BusinessFinanceAustralia #CommercialFinance #SMEFinance #AustralianSmallBusiness #PropertyFinance #FinanceBrokerAustralia #CashFlowManagement
ALP-015,#AscendLendingPartners #SecuredVsUnsecured #BusinessFinanceAustralia #CommercialFinance #SMEFinance #AustralianSmallBusiness #BusinessLoans #FinanceBrokerAustralia #WorkingCapital
ALP-016,#AscendLendingPartners #LowDocVsFullDoc #BusinessFinanceAustralia #SelfEmployedFinance #SMEFinance #AustralianSmallBusiness #CommercialFinance #FinanceBrokerAustralia
ALP-017,#AscendLendingPartners #BusinessLoanVsLineOfCredit #BusinessFinanceAustralia #WorkingCapital #CashFlowManagement #SMEFinance #AustralianSmallBusiness #CommercialFinance #FinanceBrokerAustralia
ALP-018,#AscendLendingPartners #CashflowVsWorkingCapital #CashFlowManagement #WorkingCapital #BusinessFinanceAustralia #SMEFinance #AustralianSmallBusiness #CommercialFinance #FinanceBrokerAustralia
ALP-019,#AscendLendingPartners #InvoiceFinance #BusinessLoans #B2BFinance #CashFlowManagement #BusinessFinanceAustralia #SMEFinance #AustralianSmallBusiness #FinanceBrokerAustralia
ALP-020,#AscendLendingPartners #EquipmentFinance #AssetFinance #BusinessFinanceAustralia #TradieFinance #CommercialFinance #SMEFinance #AustralianSmallBusiness #FinanceBrokerAustralia
ALP-021,#AscendLendingPartners #AssetFinance #EquipmentFinance #BusinessLoans #BusinessFinanceAustralia #CommercialFinance #SMEFinance #AustralianSmallBusiness #FinanceBrokerAustralia
ALP-022,#AscendLendingPartners #BusinessLineOfCredit #BusinessCreditCard #CashFlowManagement #BusinessFinanceAustralia #SMEFinance #AustralianSmallBusiness #CommercialFinance #FinanceBrokerAustralia
ALP-023,#AscendLendingPartners #ShortTermFinance #LongTermFinance #BusinessFinanceAustralia #CommercialFinance #SMEFinance #AustralianSmallBusiness #BridgingFinance #FinanceBrokerAustralia
ALP-024,#AscendLendingPartners #BankVsNonBank #BusinessFinanceAustralia #CommercialFinance #SMEFinance #AustralianSmallBusiness #NonBankLending #FinanceBrokerAustralia #BusinessLoans
ALP-025,#AscendLendingPartners #FixedVsVariable #BusinessFinanceAustralia #CommercialFinance #SMEFinance #AustralianSmallBusiness #BusinessLoans #FinanceBrokerAustralia #CashFlowManagement
ALP-026,#AscendLendingPartners #PrincipalAndInterest #InterestOnly #BusinessFinanceAustralia #CommercialFinance #SMEFinance #AustralianSmallBusiness #CashFlowManagement #FinanceBrokerAustralia
ALP-027,#AscendLendingPartners #InvoiceFinance #BusinessOverdraft #CashFlowManagement #B2BFinance #BusinessFinanceAustralia #SMEFinance #AustralianSmallBusiness #FinanceBrokerAustralia
ALP-028,#AscendLendingPartners #TradeFinance #WorkingCapitalLoans #ImportExport #BusinessFinanceAustralia #CommercialFinance #SMEFinance #AustralianSmallBusiness #FinanceBrokerAustralia
ALP-029,#AscendLendingPartners #BusinessRefinance #BusinessLoans #DebtConsolidation #BusinessFinanceAustralia #CommercialFinance #SMEFinance #AustralianSmallBusiness #FinanceBrokerAustralia
ALP-030,#AscendLendingPartners #AustralianBusiness #BusinessFinance #SMEFinance #BusinessLending #WorkingCapital #CashFlowManagement #BusinessBasics
ALP-031,#AscendLendingPartners #AustralianBusiness #BusinessFinance #SMEFinance #BusinessLending #CashFlow #BusinessCashFlow #SmallBusinessTips
ALP-032,#AscendLendingPartners #AustralianBusiness #BusinessFinance #SMEFinance #BusinessLending #LineOfCredit #BusinessFinanceExplained #FlexibleFinance
ALP-033,#AscendLendingPartners #AustralianBusiness #BusinessFinance #SMEFinance #BusinessLending #InvoiceFinance #DebtorFinance #CashFlowSolutions
ALP-034,#AscendLendingPartners #AustralianBusiness #BusinessFinance #SMEFinance #BusinessLending #EquipmentFinance #AssetFinance #BusinessEquipment
ALP-035,#AscendLendingPartners #AustralianBusiness #BusinessFinance #SMEFinance #BusinessLending #LowDocLoans #SelfEmployedFinance #SoleTraderFinance
ALP-036,#AscendLendingPartners #AustralianBusiness #BusinessFinance #SMEFinance #BusinessLending #FullDocLoans #BusinessLoanBasics #FinanceEducation
ALP-037,#AscendLendingPartners #AustralianBusiness #BusinessFinance #SMEFinance #BusinessLending #UnsecuredLoans #BusinessFinanceTerms #FinanceGlossary
ALP-038,#AscendLendingPartners #AustralianBusiness #BusinessFinance #SMEFinance #BusinessLending #SecuredLoans #BusinessFinanceTerms #FinanceGlossary
ALP-039,#AscendLendingPartners #AustralianBusiness #BusinessFinance #SMEFinance #BusinessLending #PrivateCredit #NonBankLending #BusinessFinanceOptions
ALP-040,#AscendLendingPartners #AustralianBusiness #BusinessFinance #SMEFinance #BusinessLending #PersonalGuarantee #BusinessFinanceTerms #FinanceGlossary
ALP-041,#AscendLendingPartners #AustralianBusiness #BusinessFinance #SMEFinance #BusinessLending #LoanSecurity #BusinessFinanceTerms #FinanceGlossary
ALP-042,#AscendLendingPartners #AustralianBusiness #BusinessFinance #SMEFinance #BusinessLending #GeneralSecurityAgreement #PPSR #BusinessFinanceTerms
ALP-043,#AscendLendingPartners #AustralianBusiness #BusinessFinance #SMEFinance #BusinessLending #Serviceability #BusinessLoanBasics #FinanceGlossary
ALP-044,#AscendLendingPartners #AustralianBusiness #BusinessFinance #SMEFinance #BusinessLending #BusinessLoanRefinancing #DebtConsolidation #FinanceGlossary
ALP-045,#AscendLendingPartners #AustralianBusiness #BusinessFinance #SMEFinance #BusinessLending #BalloonPayment #AssetFinance #FinanceGlossary
ALP-046,#AscendLendingPartners #AustralianBusiness #BusinessFinance #SMEFinance #BusinessLending #EstablishmentFee #BusinessLoanFees #FinanceGlossary
ALP-047,#AscendLendingPartners #AustralianBusiness #BusinessFinance #SMEFinance #BusinessLending #EarlyRepaymentFee #BusinessLoanFees #FinanceGlossary
ALP-048,#AscendLendingPartners #AustralianBusiness #BusinessFinance #SMEFinance #BusinessLending #LoanTerm #BusinessLoanBasics #FinanceGlossary
ALP-049,#AscendLendingPartners #AustralianBusiness #BusinessFinance #SMEFinance #BusinessLending #CreditLimit #LineOfCredit #FinanceGlossary
ALP-050,#AscendLendingPartners #AustralianBusiness #BusinessFinance #SMEFinance #BusinessLending #BusinessLoanApplication #FinancePreparation #SMEFinanceTips
ALP-051,#AscendLendingPartners #AustralianBusiness #BusinessFinance #SMEFinance #BusinessLending #LoanApprovalTips #BusinessFinancePrep #SMEFinance
ALP-052,#AscendLendingPartners #AustralianBusiness #BusinessFinance #SMEFinance #BusinessLending #BusinessPlan #StartupFinance #FinancePreparation
ALP-053,#AscendLendingPartners #AustralianBusiness #BusinessFinance #SMEFinance #BusinessLending #StartupFinance #NewBusinessLoans #SMEFinance
ALP-054,#AscendLendingPartners #AustralianBusiness #BusinessFinance #SMEFinance #BusinessLending #CreditFile #BusinessCredit #FinanceEducation
ALP-055,#AscendLendingPartners #AustralianBusiness #BusinessFinance #SMEFinance #BusinessLending #FinancePreparation #BusinessBookkeeping #SMEFinanceTips
ALP-056,#AscendLendingPartners #AustralianBusiness #BusinessFinance #SMEFinance #BusinessLending #ABN #BusinessRegistration #FinanceBasics
ALP-057,#AscendLendingPartners #AustralianBusiness #BusinessFinance #SMEFinance #BusinessLending #NewBusinessFinance #StartupLoans #SMEFinance
ALP-058,#AscendLendingPartners #AustralianBusiness #BusinessFinance #SMEFinance #BusinessLending #BankStatements #LoanAssessment #FinancePreparation
ALP-059,#AscendLendingPartners #AustralianBusiness #BusinessFinance #SMEFinance #BusinessLending #BusinessFinanceOptions #ChoosingFinance #SMEFinance
ALP-060,#AscendLendingPartners #AustralianBusiness #BusinessFinance #SMEFinance #BusinessLending #LoanAssessment #BusinessFinanceProcess #FinanceEducation
ALP-061,#AscendLendingPartners #AustralianBusiness #BusinessFinance #SMEFinance #BusinessLending #BusinessLoanAmount #FinancePlanning #SMEFinanceTips
ALP-062,#AscendLendingPartners #AustralianBusiness #BusinessFinance #SMEFinance #BusinessLending #FinanceBroker #BusinessLendingHelp #SMEFinance
ALP-063,#AscendLendingPartners #AustralianBusiness #BusinessFinance #SMEFinance #BusinessLending #LoanApprovalTips #FinancePreparation #SMEFinance
ALP-064,#AscendLendingPartners #AustralianBusiness #BusinessFinance #SMEFinance #BusinessLending #LoanSettlement #BusinessFinanceProcess #FinanceEducation
ALP-065,#AscendLendingPartners #AustralianBusiness #BusinessFinance #SMEFinance #BusinessLending #CashFlow #BusinessCashFlow #SMEFinance
ALP-066,#AscendLendingPartners #AustralianBusiness #BusinessFinance #SMEFinance #BusinessLending #SeasonalBusiness #CashFlowManagement #RetailFinance
ALP-067,#AscendLendingPartners #AustralianBusiness #BusinessFinance #SMEFinance #BusinessLending #CashFlowProblems #SMEFinance #BusinessCashFlow
ALP-068,#AscendLendingPartners #AustralianBusiness #BusinessFinance #SMEFinance #BusinessLending #CashFlowForecast #BusinessPlanning #FinanceEducation
ALP-069,#AscendLendingPartners #AustralianBusiness #BusinessFinance #SMEFinance #BusinessLending #CashFlowGap #BridgingFinance #SMEFinance
ALP-070,#AscendLendingPartners #AustralianBusiness #BusinessFinance #SMEFinance #BusinessLending #LatePayments #InvoiceFinance #CashFlowManagement
ALP-071,#AscendLendingPartners #AustralianBusiness #BusinessFinance #SMEFinance #BusinessLending #CashFlowBuffer #BusinessResilience #SMEFinanceTips
ALP-072,#AscendLendingPartners #AustralianBusiness #BusinessFinance #SMEFinance #BusinessLending #CashConversionCycle #WorkingCapital #FinanceGlossary
ALP-073,#AscendLendingPartners #AustralianBusiness #BusinessFinance #SMEFinance #BusinessLending #TaxDebt #GST #CashFlowPlanning
ALP-074,#AscendLendingPartners #AustralianBusiness #BusinessFinance #SMEFinance #BusinessLending #ProfitVsCashFlow #WorkingCapital #BusinessFinanceEducation
ALP-075,#AscendLendingPartners #AustralianBusiness #BusinessFinance #SMEFinance #BusinessLending #CashFlowForecast #QuarterlyPlanning #SMEFinanceTips
ALP-076,#AscendLendingPartners #AustralianBusiness #BusinessFinance #SMEFinance #BusinessLending #SupplierPayments #CashFlowManagement #WorkingCapital
ALP-077,#AscendLendingPartners #AustralianBusiness #BusinessFinance #SMEFinance #BusinessLending #PaymentTerms #CashFlowManagement #InvoiceFinance
ALP-078,#AscendLendingPartners #AustralianBusiness #BusinessFinance #SMEFinance #BusinessLending #BusinessGrowth #CashFlowManagement #WorkingCapital
ALP-079,#AscendLendingPartners #AustralianBusiness #BusinessFinance #SMEFinance #BusinessLending #CashFlowFinance #BusinessFinanceDecisions #SMEFinance
ALP-080,#AscendLendingPartners #AustralianBusiness #BusinessFinance #SMEFinance #BusinessLending #BusinessGrowth #GrowthFinance #SMEStrategy
ALP-081,#AscendLendingPartners #AustralianBusiness #BusinessFinance #SMEFinance #BusinessLending #BusinessExpansion #GrowthStrategy #SMEStrategy
ALP-082,#AscendLendingPartners #AustralianBusiness #BusinessFinance #SMEFinance #BusinessLending #CommercialProperty #BusinessExpansion #SMEFinance
ALP-083,#AscendLendingPartners #AustralianBusiness #BusinessFinance #SMEFinance #BusinessLending #MarketingFinance #BusinessGrowth #SMEStrategy
ALP-084,#AscendLendingPartners #AustralianBusiness #BusinessFinance #SMEFinance #BusinessLending #BusinessHiring #WorkingCapital #GrowthFinance
ALP-085,#AscendLendingPartners #AustralianBusiness #BusinessFinance #SMEFinance #BusinessLending #EquipmentFinance #ScalingUp #GrowthFinance
ALP-086,#AscendLendingPartners #AustralianBusiness #BusinessFinance #SMEFinance #BusinessLending #StockFinance #InventoryManagement #SMEFinance
ALP-087,#AscendLendingPartners #AustralianBusiness #BusinessFinance #SMEFinance #BusinessLending #BusinessAcquisition #GrowthFinance #SMEStrategy
ALP-088,#AscendLendingPartners #AustralianBusiness #BusinessFinance #SMEFinance #BusinessLending #TechnologyFinance #BusinessSystems #SMEFinance
ALP-089,#AscendLendingPartners #AustralianBusiness #BusinessFinance #SMEFinance #BusinessLending #SustainableGrowth #BusinessStrategy #SMEFinance
ALP-090,#AscendLendingPartners #AustralianBusiness #BusinessFinance #SMEFinance #BusinessLending #ContractFinance #WorkingCapital #GrowthFinance
ALP-091,#AscendLendingPartners #AustralianBusiness #BusinessFinance #SMEFinance #BusinessLending #TradeFinance #ExportBusiness #GrowthFinance
ALP-092,#AscendLendingPartners #AustralianBusiness #BusinessFinance #SMEFinance #BusinessLending #BusinessFinanceTiming #GrowthOpportunity #SMEStrategy
ALP-093,#AscendLendingPartners #AustralianBusiness #BusinessFinance #SMEFinance #BusinessLending #FinanceStrategy #BusinessGrowth #SMEStrategy
ALP-094,#AscendLendingPartners #AustralianBusiness #BusinessFinance #SMEFinance #BusinessLending #BusinessFinanceDecisions #GrowthStrategy #SMEFinance
ALP-095,#AscendLendingPartners #AustralianBusiness #BusinessFinance #SMEFinance #BusinessLending #HospitalityFinance #CafeBusiness #RestaurantFinance
ALP-096,#AscendLendingPartners #AustralianBusiness #BusinessFinance #SMEFinance #BusinessLending #RetailFinance #EcommerceFinance #StockFinance
ALP-097,#AscendLendingPartners #AustralianBusiness #BusinessFinance #SMEFinance #BusinessLending #ConstructionFinance #TradesFinance #SubcontractorFinance
ALP-098,#AscendLendingPartners #AustralianBusiness #BusinessFinance #SMEFinance #BusinessLending #TransportFinance #FleetFinance #LogisticsBusiness
ALP-099,#AscendLendingPartners #AustralianBusiness #BusinessFinance #SMEFinance #BusinessLending #HealthcareFinance #MedicalPracticeFinance #AlliedHealthFinance
ALP-100,#AscendLendingPartners #AustralianBusiness #BusinessFinance #SMEFinance #BusinessLending #ProfessionalServicesFinance #ConsultingFinance #SMEFinance
ALP-101,#AscendLendingPartners #AustralianBusiness #BusinessFinance #SMEFinance #BusinessLending #ManufacturingFinance #EquipmentFinance #IndustrialFinance
ALP-102,#AscendLendingPartners #AustralianBusiness #BusinessFinance #SMEFinance #BusinessLending #AgricultureFinance #FarmFinance #RuralBusiness
ALP-103,#AscendLendingPartners #AustralianBusiness #BusinessFinance #SMEFinance #BusinessLending #ChildcareFinance #EarlyLearningBusiness #SMEFinance
ALP-104,#AscendLendingPartners #AustralianBusiness #BusinessFinance #SMEFinance #BusinessLending #RealEstateFinance #PropertyServicesFinance #SMEFinance
ALP-105,#AscendLendingPartners #AustralianBusiness #BusinessFinance #SMEFinance #BusinessLending #AutomotiveFinance #WorkshopFinance #SMEFinance
ALP-106,#AscendLendingPartners #AustralianBusiness #BusinessFinance #SMEFinance #BusinessLending #BeautyBusinessFinance #WellnessFinance #SMEFinance
ALP-107,#AscendLendingPartners #AustralianBusiness #BusinessFinance #SMEFinance #BusinessLending #TechBusinessFinance #ITServicesFinance #SMEFinance
ALP-108,#AscendLendingPartners #AustralianBusiness #BusinessFinance #SMEFinance #BusinessLending #TradeFinance #ImportExportFinance #InternationalTrade
ALP-109,#AscendLendingPartners #AustralianBusiness #BusinessFinance #SMEFinance #BusinessLending #CommercialCleaningFinance #ServicesBusinessFinance #SMEFinance
ALP-110,#AscendLendingPartners #AustralianBusiness #BusinessFinance #SMEFinance #BusinessLending #EducationBusinessFinance #TrainingProviderFinance #SMEFinance
ALP-111,#AscendLendingPartners #AustralianBusiness #BusinessFinance #SMEFinance #BusinessLending #FranchiseFinance #FranchiseeFinance #SMEFinance
ALP-112,#AscendLendingPartners #AustralianBusiness #BusinessFinance #SMEFinance #BusinessLending #FitnessBusinessFinance #GymFinance #SMEFinance
ALP-113,#AscendLendingPartners #AustralianBusiness #BusinessFinance #SMEFinance #BusinessLending #SalonBusinessFinance #HairdresserFinance #SMEFinance
ALP-114,#AscendLendingPartners #AustralianBusiness #BusinessFinance #SMEFinance #BusinessLending #WholesaleFinance #DistributionBusiness #InvoiceFinance
ALP-115,#AscendLendingPartners #AustralianBusiness #BusinessFinance #SMEFinance #BusinessLending #BankDecline #BusinessFinanceOptions #NonBankLending
ALP-116,#AscendLendingPartners #AustralianBusiness #BusinessFinance #SMEFinance #BusinessLending #BusinessDebt #FinanceDecisions #SMEFinance
ALP-117,#AscendLendingPartners #AustralianBusiness #BusinessFinance #SMEFinance #BusinessLending #FinanceBroker #BusinessLendingHelp #NoObligation
ALP-118,#AscendLendingPartners #AustralianBusiness #BusinessFinance #SMEFinance #BusinessLending #CreditHistory #BusinessFinanceOptions #SecondChanceFinance
ALP-119,#AscendLendingPartners #AustralianBusiness #BusinessFinance #SMEFinance #BusinessLending #StartupFinance #NewBusinessLoans #SMEFinance
ALP-120,#AscendLendingPartners #AustralianBusiness #BusinessFinance #SMEFinance #BusinessLending #InterestRates #ComparingLoans #FinanceEducation
ALP-121,#AscendLendingPartners #AustralianBusiness #BusinessFinance #SMEFinance #BusinessLending #UnsecuredFinance #BusinessFinanceOptions #SMEFinance
ALP-122,#AscendLendingPartners #AustralianBusiness #BusinessFinance #SMEFinance #BusinessLending #LoanFees #FinanceTransparency #SMEFinanceTips
ALP-123,#AscendLendingPartners #AustralianBusiness #BusinessFinance #SMEFinance #BusinessLending #LoanRejection #BusinessFinanceOptions #SMEFinance
ALP-124,#AscendLendingPartners #AustralianBusiness #BusinessFinance #SMEFinance #BusinessLending #CashFlowFinance #BusinessFinanceDecisions #SMEFinance
ALP-125,#AscendLendingPartners #AustralianBusiness #BusinessFinance #SMEFinance #BusinessLending #FinanceEducation #BusinessLoanBasics #PlainEnglish
ALP-126,#AscendLendingPartners #AustralianBusiness #BusinessFinance #SMEFinance #BusinessLending #ShortTermFinance #BusinessLoanTerms #SMEFinance
ALP-127,#AscendLendingPartners #AustralianBusiness #BusinessFinance #SMEFinance #BusinessLending #SoleTraderFinance #MicroBusiness #SmallBusinessFinance
ALP-128,#AscendLendingPartners #AustralianBusiness #BusinessFinance #SMEFinance #BusinessLending #BusinessFinanceRisk #RepaymentSupport #FinanceEducation
ALP-129,#AscendLendingPartners #AustralianBusiness #BusinessFinance #SMEFinance #BusinessLending #InvoiceFinance #DebtorFinance #BusinessFinanceOptions
ALP-130,#AscendLendingPartners #AustralianBusiness #BusinessFinance #SMEFinance #BusinessLending #CreditScore #BusinessFinanceTips #FinanceEducation
ALP-131,#AscendLendingPartners #AustralianBusiness #BusinessFinance #SMEFinance #BusinessLending #FinanceBroker #BusinessLendingHelp #SMEFinance
ALP-132,#AscendLendingPartners #AustralianBusiness #BusinessFinance #SMEFinance #BusinessLending #BusinessFinanceDecisions #InvestorRelations #SMEStrategy
ALP-133,#AscendLendingPartners #AustralianBusiness #BusinessFinance #SMEFinance #BusinessLending #SmallBusinessFinance #LineOfCredit #SMEFinanceTips
ALP-134,#AscendLendingPartners #AustralianBusiness #BusinessFinance #SMEFinance #BusinessLending #BusinessFinanceConfidence #SMEFinance #GettingStarted
ALP-135,#AscendLendingPartners #AustralianBusiness #BusinessFinance #SMEFinance #BusinessLending #CreditMyths #BusinessFinanceMyths #SMEFinance
ALP-136,#AscendLendingPartners #AustralianBusiness #BusinessFinance #SMEFinance #BusinessLending #SmallBusinessFinance #SoleTraderFinance #BusinessFinanceMyths
ALP-137,#AscendLendingPartners #AustralianBusiness #BusinessFinance #SMEFinance #BusinessLending #CreditScoreMyths #BusinessFinanceMyths #FinanceEducation
ALP-138,#AscendLendingPartners #AustralianBusiness #BusinessFinance #SMEFinance #BusinessLending #FinanceBroker #BrokerMyths #BusinessFinanceMyths
ALP-139,#AscendLendingPartners #AustralianBusiness #BusinessFinance #SMEFinance #BusinessLending #StartupFinance #NewBusinessMyths #BusinessFinanceMyths
ALP-140,#AscendLendingPartners #AustralianBusiness #BusinessFinance #SMEFinance #BusinessLending #UnsecuredFinance #BusinessFinanceMyths #SMEFinance
ALP-141,#AscendLendingPartners #AustralianBusiness #BusinessFinance #SMEFinance #BusinessLending #FastFinance #BusinessFinanceMyths #SMEFinance
ALP-142,#AscendLendingPartners #AustralianBusiness #BusinessFinance #SMEFinance #BusinessLending #Refinancing #BusinessFinanceMyths #SMEFinance
ALP-143,#AscendLendingPartners #AustralianBusiness #BusinessFinance #SMEFinance #BusinessLending #NonBankLending #PrivateCredit #BusinessFinanceMyths
ALP-144,#AscendLendingPartners #AustralianBusiness #BusinessFinance #SMEFinance #BusinessLending #LoanApproval #BusinessFinanceMyths #FinanceEducation
ALP-160,#AscendLendingPartners #AustralianBusiness #BusinessFinance #SMEFinance #BusinessLending #LoanChecklist #FinancePreparation #SMEFinanceTips
ALP-161,#AscendLendingPartners #AustralianBusiness #BusinessFinance #SMEFinance #BusinessLending #CashFlowSigns #CashFlowFinance #SMEFinanceTips
ALP-162,#AscendLendingPartners #AustralianBusiness #BusinessFinance #SMEFinance #BusinessLending #ChoosingALender #LoanChecklist #FinanceEducation
ALP-163,#AscendLendingPartners #AustralianBusiness #BusinessFinance #SMEFinance #BusinessLending #LoanApprovalTips #FinancePreparation #SMEFinance
ALP-164,#AscendLendingPartners #AustralianBusiness #BusinessFinance #SMEFinance #BusinessLending #EquipmentFinance #BusinessEquipment #SMEFinanceTips
ALP-165,#AscendLendingPartners #AustralianBusiness #BusinessFinance #SMEFinance #BusinessLending #Refinancing #BusinessLoanRefinancing #SMEFinanceTips
ALP-166,#AscendLendingPartners #AustralianBusiness #BusinessFinance #SMEFinance #BusinessLending #FinanceRedFlags #LoanChecklist #FinanceEducation
ALP-167,#AscendLendingPartners #AustralianBusiness #BusinessFinance #SMEFinance #BusinessLending #LineOfCredit #BusinessFinanceOptions #SMEFinance
ALP-168,#AscendLendingPartners #AustralianBusiness #BusinessFinance #SMEFinance #BusinessLending #Serviceability #BusinessLoanBasics #FinanceEducation
ALP-169,#AscendLendingPartners #AustralianBusiness #BusinessFinance #SMEFinance #BusinessLending #LoanApplicationTips #FinancePreparation #SMEFinance
ALP-170,#AscendLendingPartners #AustralianBusiness #BusinessFinance #SMEFinance #BusinessLending #GrowthFinance #BusinessGrowth #SMEStrategy
ALP-171,#AscendLendingPartners #AustralianBusiness #BusinessFinance #SMEFinance #BusinessLending #CashFlowSigns #CashFlowManagement #SMEFinanceTips
ALP-172,#AscendLendingPartners #AustralianBusiness #BusinessFinance #SMEFinance #BusinessLending #LoanAgreement #FinanceEducation #SMEFinanceTips
ALP-173,#AscendLendingPartners #AustralianBusiness #BusinessFinance #SMEFinance #BusinessLending #CreditProfile #BusinessCredit #SMEFinanceTips
ALP-174,#AscendLendingPartners #AustralianBusiness #BusinessFinance #SMEFinance #BusinessLending #BusinessFinanceDecisions #SMEFinance #FinanceEducation
ALP-145,#AscendLendingPartners #AustralianBusiness #BusinessFinance #SMEFinance #BusinessLending #BusinessFinanceProcess #LoanApplication #FinanceEducation
ALP-146,#AscendLendingPartners #AustralianBusiness #BusinessFinance #SMEFinance #BusinessLending #ChoosingABroker #FinanceBroker #SMEFinance
ALP-147,#AscendLendingPartners #AustralianBusiness #BusinessFinance #SMEFinance #BusinessLending #LoanChecklist #FinanceEducation #SMEFinanceTips
ALP-148,#AscendLendingPartners #AustralianBusiness #BusinessFinance #SMEFinance #BusinessLending #FinanceBroker #LenderComparison #FinanceEducation
ALP-149,#AscendLendingPartners #AustralianBusiness #BusinessFinance #SMEFinance #BusinessLending #LoanApplication #BusinessFinanceProcess #FinanceEducation
ALP-150,#AscendLendingPartners #AustralianBusiness #BusinessFinance #SMEFinance #BusinessLending #LoanOffer #FinanceEducation #SMEFinanceTips
ALP-151,#AscendLendingPartners #AustralianBusiness #BusinessFinance #SMEFinance #BusinessLending #FinanceBroker #LenderPanel #FinanceEducation
ALP-152,#AscendLendingPartners #AustralianBusiness #BusinessFinance #SMEFinance #BusinessLending #LoanTimeline #BusinessFinanceProcess #FinanceEducation
ALP-153,#AscendLendingPartners #AustralianBusiness #BusinessFinance #SMEFinance #BusinessLending #FinanceBroker #GettingStarted #SMEFinanceTips
ALP-154,#AscendLendingPartners #AustralianBusiness #BusinessFinance #SMEFinance #BusinessLending #FinanceBroker #BrokerRegulation #FinanceEducation
ALP-155,#AscendLendingPartners #AustralianBusiness #BusinessFinance #SMEFinance #BusinessLending #BusinessFinanceProcess #LoanApplication #FinanceEducation
ALP-156,#AscendLendingPartners #AustralianBusiness #BusinessFinance #SMEFinance #BusinessLending #ComparingLoans #FinanceEducation #SMEFinanceTips
ALP-157,#AscendLendingPartners #AustralianBusiness #BusinessFinance #SMEFinance #BusinessLending #FinanceBroker #BusinessLendingHelp #FinanceEducation
ALP-158,#AscendLendingPartners #AustralianBusiness #BusinessFinance #SMEFinance #BusinessLending #FinanceBroker #BusinessRelationships #SMEStrategy
ALP-159,#AscendLendingPartners #AustralianBusiness #BusinessFinance #SMEFinance #BusinessLending #LoanSettlement #BusinessFinanceProcess #FinanceEducation
ALP-175,#AscendLendingPartners #AustralianBusiness #BusinessFinance #SMEFinance #BusinessLending #ContractFinance #WorkingCapital #BusinessGrowth
ALP-176,#AscendLendingPartners #AustralianBusiness #BusinessFinance #SMEFinance #BusinessLending #InvoiceFinance #PaymentTerms #CashFlowManagement
ALP-177,#AscendLendingPartners #AustralianBusiness #BusinessFinance #SMEFinance #BusinessLending #EquipmentFinance #BusinessDisruption #SMEFinance
ALP-178,#AscendLendingPartners #AustralianBusiness #BusinessFinance #SMEFinance #BusinessLending #BusinessGrowth #WorkingCapital #CashFlowManagement
ALP-179,#AscendLendingPartners #AustralianBusiness #BusinessFinance #SMEFinance #BusinessLending #SeasonalBusiness #BusinessLineOfCredit #SMEFinanceTips
ALP-180,#AscendLendingPartners #AustralianBusiness #BusinessFinance #SMEFinance #BusinessLending #StockFinance #SupplierDiscounts #SMEFinanceTips
ALP-181,#AscendLendingPartners #AustralianBusiness #BusinessFinance #SMEFinance #BusinessLending #EquipmentFinance #BusinessOpportunity #SMEStrategy
ALP-182,#AscendLendingPartners #AustralianBusiness #BusinessFinance #SMEFinance #BusinessLending #BusinessExpansion #CommercialProperty #SMEFinance
ALP-183,#AscendLendingPartners #AustralianBusiness #BusinessFinance #SMEFinance #BusinessLending #TaxDebtFinance #ATODebt #CashFlowManagement
ALP-184,#AscendLendingPartners #AustralianBusiness #BusinessFinance #SMEFinance #BusinessLending #InvoiceFinance #LatePayments #CashFlowManagement
ALP-185,#AscendLendingPartners #AustralianBusiness #BusinessFinance #SMEFinance #BusinessLending #FirstHire #WorkingCapital #SoleTraderFinance
ALP-186,#AscendLendingPartners #AustralianBusiness #BusinessFinance #SMEFinance #BusinessLending #EquipmentFinance #BusinessGrowth #ScalingUp
ALP-187,#AscendLendingPartners #AustralianBusiness #BusinessFinance #SMEFinance #BusinessLending #ProjectFinance #WorkingCapital #BusinessGrowth
ALP-188,#AscendLendingPartners #AustralianBusiness #BusinessFinance #SMEFinance #BusinessLending #SupplierPayments #CashFlowManagement #BusinessLineOfCredit
ALP-189,#AscendLendingPartners #AustralianBusiness #BusinessFinance #SMEFinance #BusinessLending #BusinessBuyout #PartnerBuyout #BusinessFinance
ALP-190,#AscendLendingPartners #AustralianBusiness #BusinessFinance #SMEFinance #BusinessLending #FranchiseFinance #FranchiseeFinance #SMEFinance
ALP-191,#AscendLendingPartners #AustralianBusiness #BusinessFinance #SMEFinance #BusinessLending #BusinessRelocation #CommercialProperty #SMEFinance
ALP-192,#AscendLendingPartners #AustralianBusiness #BusinessFinance #SMEFinance #BusinessLending #BusinessInsurance #CashFlowManagement #SMEFinanceTips
ALP-193,#AscendLendingPartners #AustralianBusiness #BusinessFinance #SMEFinance #BusinessLending #TradeFinance #ExportBusiness #GrowthFinance
ALP-194,#AscendLendingPartners #AustralianBusiness #BusinessFinance #SMEFinance #BusinessLending #BusinessGrowth #FinanceStrategy #SMEStrategy
ALP-195,#AscendLendingPartners #AustralianBusiness #BusinessFinance #SMEFinance #BusinessLending #BusinessRecovery #WorkingCapital #SMEFinance
ALP-196,#AscendLendingPartners #AustralianBusiness #BusinessFinance #SMEFinance #BusinessLending #BusinessPartnership #BusinessFinanceDecisions #SMEStrategy
ALP-197,#AscendLendingPartners #AustralianBusiness #BusinessFinance #SMEFinance #BusinessLending #BusinessGrowth #ClientRelationships #WorkingCapital
ALP-198,#AscendLendingPartners #AustralianBusiness #BusinessFinance #SMEFinance #BusinessLending #BusinessSuccession #ExitPlanning #SMEStrategy
ALP-199,#AscendLendingPartners #AustralianBusiness #BusinessFinance #SMEFinance #BusinessLending #BusinessBuyout #ExitPlanning #SMEStrategy
ALP-200,#AscendLendingPartners #AustralianBusiness #BusinessFinance #SMEFinance #BusinessLending #BusinessFinanceEducation #SMEFinance #AscendLendingPartners
